-- MySQL dump 10.13  Distrib 5.7.18, for Linux (x86_64)
--
-- Host: localhost    Database: packsan
-- ------------------------------------------------------
-- Server version	5.7.18-0ubuntu0.16.04.1-log

/*!40101 SET @OLD_CHARACTER_SET_CLIENT=@@CHARACTER_SET_CLIENT */;
/*!40101 SET @OLD_CHARACTER_SET_RESULTS=@@CHARACTER_SET_RESULTS */;
/*!40101 SET @OLD_COLLATION_CONNECTION=@@COLLATION_CONNECTION */;
/*!40101 SET NAMES utf8 */;
/*!40103 SET @OLD_TIME_ZONE=@@TIME_ZONE */;
/*!40103 SET TIME_ZONE='+00:00' */;
/*!40014 SET @OLD_UNIQUE_CHECKS=@@UNIQUE_CHECKS, UNIQUE_CHECKS=0 */;
/*!40014 SET @OLD_FOREIGN_KEY_CHECKS=@@FOREIGN_KEY_CHECKS, FOREIGN_KEY_CHECKS=0 */;
/*!40101 SET @OLD_SQL_MODE=@@SQL_MODE, SQL_MODE='NO_AUTO_VALUE_ON_ZERO' */;
/*!40111 SET @OLD_SQL_NOTES=@@SQL_NOTES, SQL_NOTES=0 */;

--
-- Table structure for table `actionlog`
--

DROP TABLE IF EXISTS `actionlog`;
/*!40101 SET @saved_cs_client     = @@character_set_client */;
/*!40101 SET character_set_client = utf8 */;
CREATE TABLE `actionlog` (
  `id` int(11) NOT NULL AUTO_INCREMENT,
  `log_text` varchar(1024) DEFAULT NULL,
  `team_id` int(11) DEFAULT NULL,
  `timestamp` int(11) DEFAULT NULL,
  `game_id` int(11) DEFAULT NULL,
  `log_level` int(11) DEFAULT NULL,
  PRIMARY KEY (`id`),
  UNIQUE KEY `UNIQ_744C5DC0E48FD905` (`game_id`),
  KEY `fk_actionlog_team1_idx` (`team_id`),
  KEY `fk_actionlog_game1_idx` (`game_id`),
  CONSTRAINT `fk_actionlog_game1` FOREIGN KEY (`game_id`) REFERENCES `game` (`id`) ON DELETE NO ACTION ON UPDATE NO ACTION,
  CONSTRAINT `fk_actionlog_team1` FOREIGN KEY (`team_id`) REFERENCES `team` (`id`) ON DELETE NO ACTION ON UPDATE NO ACTION
) ENGINE=InnoDB AUTO_INCREMENT=272 DEFAULT CHARSET=utf8;
/*!40101 SET character_set_client = @saved_cs_client */;

--
-- Dumping data for table `actionlog`
--

LOCK TABLES `actionlog` WRITE;
/*!40000 ALTER TABLE `actionlog` DISABLE KEYS */;
INSERT INTO `actionlog` VALUES (1,'Team logged in.',1,1485008899,NULL,1),(2,'Failed admin login try with qr code dde3259db83f1c5a86720338341e8608!',NULL,1485026985,NULL,3),(3,'Failed admin login try with qr code dde3259db83f1c5a86720338341e8608!',NULL,1485026986,NULL,3),(4,'Failed admin login try with qr code dde3259db83f1c5a86720338341e8608!',NULL,1485027146,NULL,3),(5,'Failed team login try with qr code 1a1ce120f74c03216b2bcb575cc7b592!',NULL,1485027172,NULL,2),(6,'Failed team login try with qr code 1a1ce120f74c03216b2bcb575cc7b592!',NULL,1485027173,NULL,2),(7,'Failed team login try with qr code 1a1ce120f74c03216b2bcb575cc7b592!',NULL,1485027173,NULL,2),(8,'Failed team login try with qr code 1a1ce120f74c03216b2bcb575cc7b592!',NULL,1485027180,NULL,2),(9,'Failed team login try with qr code 1a1ce120f74c03216b2bcb575cc7b592!',NULL,1485027233,NULL,2),(10,'Failed team login try with qr code 1a1ce120f74c03216b2bcb575cc7b592!',NULL,1485027240,NULL,2),(11,'Failed team login try with qr code 1a1ce120f74c03216b2bcb575cc7b592!',NULL,1485027240,NULL,2),(12,'Failed team login try with qr code 1a1ce120f74c03216b2bcb575cc7b592!',NULL,1485027240,NULL,2),(13,'Failed team login try with qr code 1a1ce120f74c03216b2bcb575cc7b592!',NULL,1485027265,NULL,2),(14,'Failed team login try with qr code 1a1ce120f74c03216b2bcb575cc7b592!',NULL,1485027275,NULL,2),(15,'Failed team login try with qr code 1a1ce120f74c03216b2bcb575cc7b592!',NULL,1485027276,NULL,2),(16,'Failed team login try with qr code 1a1ce120f74c03216b2bcb575cc7b592!',NULL,1485027365,NULL,2),(17,'Failed team login try with qr code 1a1ce120f74c03216b2bcb575cc7b592!',NULL,1485027416,NULL,2),(18,'Failed team login try with qr code 1a1ce120f74c03216b2bcb575cc7b592!',NULL,1485027424,NULL,2),(19,'Failed team login try with qr code 07f942ee7d5e4f8a341236a199781eec!',NULL,1485027435,NULL,2),(20,'Failed team login try with qr code 07f942ee7d5e4f8a341236a199781eec!',NULL,1485027436,NULL,2),(21,'Failed team login try with qr code 07f942ee7d5e4f8a341236a199781eec!',NULL,1485029074,NULL,2),(22,'Registration: Cannot find member to add member:5f8dd29a3fc26e057b5d3a179b501432.',NULL,1485035612,NULL,3),(23,'Registration: Cannot find team to add 1a1ce120f74c03216b2bcb575cc7b592.',NULL,1485037959,NULL,3),(24,'Registration: Cannot find team to add 1a1ce120f74c03216b2bcb575cc7b592.',NULL,1485038562,NULL,3),(25,'Registration: Team initializedCannot find team to add 1a1ce120f74c03216b2bcb575cc7b592.',2,1485038693,NULL,3),(26,'Unable to log in team . ',2,1485039801,NULL,3),(27,'Failed team login try with qr code 1a1ce120f74c03216b2bcb575cc7b592!',NULL,1485040099,NULL,2),(28,'Unable to log in team . ',2,1485041137,NULL,3),(29,'Unable to log in team . ',2,1485041188,NULL,3),(30,'Team logged in . ',2,1485041202,NULL,1),(31,'Team logged in . ',2,1485082317,NULL,1),(32,'Team logged in . ',2,1485082318,NULL,1),(33,'Team logged in . ',2,1485082318,NULL,1),(34,'Registration: Cannot find member with passcode eb9c618431ffd099703ad9a4600130c9.',NULL,1485258936,NULL,3),(35,'Registration: Cannot find member with passcode eb9c618431ffd099703ad9a4600130c9.',NULL,1485258960,NULL,3),(36,'Registration: Cannot find member with passcode eB9c618431ffd099703ad9a4600130c9.',NULL,1485258960,NULL,3),(37,'Registration: Cannot find member with passcode eB9c618431ffd099703ad9a4600130c9.',NULL,1485258983,NULL,3),(38,'Registration: Cannot find member with passcode eB9c618431ffd099703ad9a4600130c9.',NULL,1485258983,NULL,3),(39,'Registration: Cannot find member with passcode eB9c618431ffd099703ad9a4600130c9.',NULL,1485259039,NULL,3),(41,'Registration: Cannot find member with passcode eB9c618431ffd099703ad9a4600130c9.',NULL,1485259040,NULL,3),(42,'Registration: Cannot find member with passcode eB9c618431ffd099703ad9a4600130c9.',NULL,1485259059,NULL,3),(44,'Registration: Cannot find member with passcode eB9c618431ffd099703ad9a4600130c9.',NULL,1485259059,NULL,3),(46,'Registration: Cannot find member with passcode eB9c618431ffd099703ad9a4600130c9.',NULL,1485259060,NULL,3),(47,'Registration: Cannot find member with passcode eB9c618431ffd099703ad9a4600130c9.',NULL,1485259069,NULL,3),(48,'Registration: Team initializedCannot find team to add 9080c8e0106d3cf3c5f9c0337a6fcb2d.',6,1485259069,NULL,3),(49,'Registration: Cannot find member with passcode eB9c618431ffd099703ad9a4600130c9.',NULL,1485259069,NULL,3),(50,'Registration: Cannot find member with passcode eB9c618431ffd099703ad9a4600130c9.',NULL,1485259097,NULL,3),(51,'Registration: Cannot find member with passcode eB9c618431ffd099703ad9a4600130c9.',NULL,1485259097,NULL,3),(52,'Registration: Cannot find member with passcode eB9c618431ffd099703ad9a4600130c9.',NULL,1485259110,NULL,3),(53,'Registration: Cannot find member with passcode eB9c618431ffd099703ad9a4600130c9.',NULL,1485259111,NULL,3),(54,'Registration: Cannot find member with passcode eB9c618431ffd099703ad9a4600130c9.',NULL,1485259111,NULL,3),(55,'Registration: member already registered',NULL,1485259111,NULL,2),(56,'Registration: Cannot find member with passcode eB9c618431ffd099703ad9a4600130c9.',NULL,1485259111,NULL,3),(57,'Registration: Cannot find member with passcode eB9c618431ffd099703ad9a4600130c9.',NULL,1485259138,NULL,3),(58,'Registration: member already registered',NULL,1485259138,NULL,2),(59,'Registration: Cannot find member with passcode eB9c618431ffd099703ad9a4600130c9.',NULL,1485259138,NULL,3),(60,'Registration: member already registered',NULL,1485259138,NULL,2),(61,'Registration: Cannot find member with passcode eB9c618431ffd099703ad9a4600130c9.',NULL,1485259139,NULL,3),(62,'Registration: Cannot find member with passcode eB9c618431ffd099703ad9a4600130c9.',NULL,1485259147,NULL,3),(63,'Registration: Cannot find member with passcode eB9c618431ffd099703ad9a4600130c9.',NULL,1485259147,NULL,3),(64,'Registration: member already registered',NULL,1485259147,NULL,2),(65,'Registration: Cannot find member with passcode eB9c618431ffd099703ad9a4600130c9.',NULL,1485259147,NULL,3),(66,'Registration: Cannot find member with passcode eB9c618431ffd099703ad9a4600130c9.',NULL,1485259163,NULL,3),(67,'Registration: Cannot find member with passcode eB9c618431ffd099703ad9a4600130c9.',NULL,1485261636,NULL,3),(68,'Registration: Cannot find member with passcode eB9c618431ffd099703ad9a4600130c9.',NULL,1485261640,NULL,3),(69,'Registration: Cannot find member with passcode eB9c618431ffd099703ad9a4600130c9.',NULL,1485261766,NULL,3),(70,'Registration: Cannot finish registration!',NULL,1485261766,NULL,3),(71,'Registration: Cannot find member with passcode eB9c618431ffd099703ad9a4600130c9.',NULL,1485261887,NULL,3),(73,'Registration: Cannot find member with passcode eB9c618431ffd099703ad9a4600130c9.',NULL,1485261919,NULL,3),(74,'Registration: Cannot find member with passcode eB9c618431ffd099703ad9a4600130c9.',NULL,1485261933,NULL,3),(76,'Registration: Cannot find member with passcode eB9c618431ffd099703ad9a4600130c9.',NULL,1485261968,NULL,3),(78,'Registration: Cannot find member with passcode eB9c618431ffd099703ad9a4600130c9.',NULL,1485261979,NULL,3),(79,'Registration: Cannot find member with passcode eB9c618431ffd099703ad9a4600130c9.',NULL,1485262217,NULL,3),(80,'Registration: Cannot find member with passcode eB9c618431ffd099703ad9a4600130c9.',NULL,1485262227,NULL,3),(81,'Registration: Cannot find member with passcode eB9c618431ffd099703ad9a4600130c9.',NULL,1485262246,NULL,3),(83,'Registration: Cannot find member with passcode eB9c618431ffd099703ad9a4600130c9.',NULL,1485262249,NULL,3),(85,'Registration: Cannot find member with passcode eB9c618431ffd099703ad9a4600130c9.',NULL,1485262251,NULL,3),(86,'Registration: Cannot find member with passcode eB9c618431ffd099703ad9a4600130c9.',NULL,1485262383,NULL,3),(88,'Registration: Cannot find member with passcode eB9c618431ffd099703ad9a4600130c9.',NULL,1485262383,NULL,3),(89,'Registration: Cannot find member with passcode eB9c618431ffd099703ad9a4600130c9.',NULL,1485262554,NULL,3),(90,'Registration: Cannot find member with passcode eB9c618431ffd099703ad9a4600130c9.',NULL,1485262575,NULL,3),(91,'Registration: Cannot find member with passcode eB9c618431ffd099703ad9a4600130c9.',NULL,1485262583,NULL,3),(92,'Registration: Cannot find member with passcode eB9c618431ffd099703ad9a4600130c9.',NULL,1485262588,NULL,3),(93,'Registration: Cannot finish registration!',NULL,1485262588,NULL,3),(94,'Registration: Cannot find member with passcode eB9c618431ffd099703ad9a4600130c9.',NULL,1485262646,NULL,3),(95,'Registration: Cannot finish registration!',NULL,1485262646,NULL,3),(96,'Registration: Cannot find member with passcode eB9c618431ffd099703ad9a4600130c9.',NULL,1485262666,NULL,3),(97,'Registration: Cannot find member with passcode eB9c618431ffd099703ad9a4600130c9.',NULL,1485262736,NULL,3),(98,'Failed team login try with qr code 07f942ee7d5e4f8aU;@c@6VV0ÁÁÁÁÁÁÁÁ!',NULL,1485262758,NULL,2),(99,'Team logged in . ',13,1485262964,NULL,1),(100,'Team logged in . ',13,1485262965,NULL,1),(101,'Team logged in . ',13,1485263059,NULL,1),(102,'Team logged in . ',13,1485263060,NULL,1),(103,'Registration: Cannot find member with passcode eb9c618431ffd099703ad9a4600130c9.',NULL,1485279722,NULL,3),(104,'Registration: Cannot find member with passcode eb9c618431ffd099703ad9a4600130c9.',NULL,1485279801,NULL,3),(105,'Registration: Cannot find member with passcode eb9c618431ffd099703ad9a4600130c9.',NULL,1485279855,NULL,3),(106,'Registration: Cannot find member with passcode eb9c618431ffd099703ad9a4600130c9.',NULL,1485279878,NULL,3),(107,'Registration: Cannot find member with passcode eb9c618431ffd099703ad9a4600130c9.',NULL,1485279886,NULL,3),(108,'Registration: Cannot find member with passcode eb9c618431ffd099703ad9a4600130c9.',2,1485279887,NULL,3),(109,'Registration: Cannot find member with passcode eb9c618431ffd099703ad9a4600130c9.',2,1485280020,NULL,3),(110,'Registration: Cannot find member with passcode eb9c618431ffd099703ad9a4600130c9.',NULL,1485280041,NULL,3),(111,'Registration: Cannot find member with passcode eb9c618431ffd099703ad9a4600130c9.',NULL,1485280043,NULL,3),(112,'Registration: Cannot find member with passcode eb9c618431ffd099703ad9a4600130c9.',NULL,1485280092,NULL,3),(113,'Registration: Cannot find member with passcode eb9c618431ffd099703ad9a4600130c9.',NULL,1485280104,NULL,3),(114,'Team logged in . ',13,1485280172,NULL,1),(115,'Team logged in . ',13,1485280172,NULL,1),(116,'Registration: Cannot find member to add 68d5c9dfbb3d45ecd77d609b8eca1Ubd.',NULL,1485280303,NULL,3),(117,'Registration: member already registered',NULL,1485280308,NULL,2),(118,'Registration: Cannot find member to add 65c44b28a3643be71b7bc51d22f31211.',NULL,1485280324,NULL,3),(119,'Registration: Cannot find member to add 65c44b28a3643be71b7bc51d22f31211.',NULL,1485280325,NULL,3),(120,'Team logged in . ',13,1485280536,NULL,1),(121,'Registration: Cannot find member to add eb9c618431ffd099703ad9a4600130c9.',2,1485280773,NULL,3),(122,'Registration: Cannot find member to add eb9c618431ffd099703ad9a4600130c9.',2,1485280773,NULL,3),(123,'Team logged in . ',13,1485280794,NULL,1),(124,'Team logged in . ',13,1485280854,NULL,1),(125,'Team logged in . ',13,1485280854,NULL,1),(126,'Team logged in . ',13,1485282637,NULL,1),(127,'Team logged in . ',13,1485282637,NULL,1),(128,'Registration: member already registered',2,1485282840,NULL,2),(129,'Registration: member already registered',2,1485282848,NULL,2),(130,'Registration: member already registered',2,1485282853,NULL,2),(131,'Failed team login try with qr code 1a1ce120f74c03216b2bcb575cc7b592!',NULL,1485282866,NULL,2),(132,'Team logged in . ',13,1485282916,NULL,1),(133,'Team logged in . ',13,1485282916,NULL,1),(134,'Failed login try with qr code , error: \"Invalid code\"',NULL,1485292389,NULL,2),(135,'Team logged in . ',13,1485292436,NULL,1),(136,'Failed team login try with qr code a95c530a7af5f492a74499e70578d150!',NULL,1485292997,NULL,2),(137,'Failed team login try with qr code a95c530a7af5f492a74499e70578d150!',NULL,1485293053,NULL,2),(138,'Failed team login try with qr code a95c530a7af5f492a74499e70578d150!',NULL,1485293133,NULL,2),(139,'Failed team login try with qr code a95c530a7af5f492a74499e70578d150!',NULL,1485293142,NULL,2),(140,'Failed team login try with qr code a95c530a7af5f492a74499e70578d150!',NULL,1485293388,NULL,2),(141,'Team logged in . ',1,1485293457,NULL,1),(142,'Team logged in . ',1,1485299874,NULL,1),(143,'Team logged in . ',1,1485300880,NULL,1),(144,'Team logged in . ',1,1485300990,NULL,1),(145,'Team logged in . ',1,1485301076,NULL,1),(146,'Team logged in . ',1,1485301224,NULL,1),(147,'Team logged in . ',1,1485301540,NULL,1),(148,'Team logged in . ',1,1485301591,NULL,1),(149,'Team logged in . ',1,1485301732,NULL,1),(150,'Team logged in . ',1,1485301805,NULL,1),(151,'Moved Team into first level. ',1,1485301877,NULL,1),(152,'Team logged in . ',1,1485303530,NULL,1),(153,'Failed login try with qr code , error: \"Invalid code\"',NULL,1485330196,NULL,2),(154,'Team logged in . ',1,1485330210,NULL,1),(155,'Team logged in . ',1,1485474427,NULL,1),(156,'Team logged in . ',1,1485905837,NULL,1),(157,'Team logged in . ',1,1485905852,NULL,1),(158,'Team logged in . ',1,1485907706,NULL,1),(159,'Failed admin login try with qr code dde3259db83f1c5a86720338341e8608!',NULL,1486153476,NULL,3),(160,'Failed admin login try with qr code dde3259db83f1c5a86720338341e8608!',NULL,1486153489,NULL,3),(161,'Failed admin login try with qr code dde3259db83f1c5a86720338341e8608!',NULL,1486153523,NULL,3),(162,'Failed admin login try with qr code dde3259db83f1c5a86720338341e8608!',NULL,1486153626,NULL,3),(163,'Failed admin login try with qr code dde3259db83f1c5a86720338341e8608!',NULL,1486153799,NULL,3),(164,'Failed admin login try with qr code dde3259db83f1c5a86720338341e8608!',NULL,1486153852,NULL,3),(165,'Admin logged in . ',15,1486154686,NULL,1),(166,'Team logged in . ',16,1486165962,NULL,1),(167,'Moved Team into first level. ',16,1486165962,NULL,1),(168,'Game logged in . ',16,1486166556,NULL,1),(169,'Game logged in . ',16,1486169873,NULL,1),(170,'Failed team login try with qr code 1a1ce120f74c03216b2bcb575cc7b592!',NULL,1486170374,NULL,2),(171,'Game logged in . ',16,1486210112,NULL,1),(172,'Failed team login try with qr code 1a1ce120f74c03216b2bcb575cc7b592!',NULL,1486319539,NULL,2),(173,'Registration: member already registered',13,1486321054,NULL,2),(174,'Registration: member already registered',13,1486321054,NULL,2),(175,'Registration: member already registered',13,1486322149,NULL,2),(176,'Registration: member already registered',13,1486322252,NULL,2),(177,'Registration: member already registered',13,1486322281,NULL,2),(178,'Failed team login try with qr code 1a1ce120f74c03216b2bcb575cc7b592!',NULL,1486412942,NULL,2),(179,'Team logged in . ',1,1486412956,NULL,1),(180,'Team logged in . ',1,1486412969,NULL,1),(181,'Team logged in . ',1,1486412969,NULL,1),(182,'Failed admin login try with qr code dde3259db83f1c5a86720338341e8608!',NULL,1486413492,NULL,3),(183,'Failed admin login try with qr code 0c4d4b28cb7600094541349d88ade877!',NULL,1486413533,NULL,3),(184,'Failed admin login try with qr code 0c4d4b28cb7600094541349d88ade877!',NULL,1486413533,NULL,3),(185,'Failed admin login try with qr code 0c4d4b28cb7600094541349d88ade877!',NULL,1486413729,NULL,3),(186,'Failed admin login try with qr code 0c4d4b28cb7600094541349d88ade877!',NULL,1486413733,NULL,3),(187,'Failed admin login try with qr code 0c4d4b28cb7600094541349d88ade877!',NULL,1486413742,NULL,3),(188,'Failed admin login try with qr code dde3259db83f1c5a86720338341e8608!',NULL,1486413764,NULL,3),(189,'Failed admin login try with qr code dde3259db83f1c5a86720338341e8608!',NULL,1486413764,NULL,3),(190,'Failed admin login try with qr code dde3259db83f1c5a86720338341e8608!',NULL,1486413787,NULL,3),(191,'Failed admin login try with qr code dde3259db83f1c5a86720338341e8608!',NULL,1486413787,NULL,3),(192,'Failed admin login try with qr code dde3259db83f1c5a86720338341e8608!',NULL,1486413828,NULL,3),(193,'Failed admin login try with qr code dde3259db83f1c5a86720338341e8608!',NULL,1486413828,NULL,3),(194,'Failed admin login try with qr code dde3259db83f1c5a86720338341e8608!',NULL,1486413990,NULL,3),(195,'Failed admin login try with qr code 0c4d4b28cb7600094541349d88ade877!',NULL,1486413999,NULL,3),(196,'Admin logged in . ',15,1486414017,NULL,1),(197,'Failed admin login try with qr code 0c4d4b28cb7600094541349d88ade877!',NULL,1486414020,NULL,3),(198,'Failed admin login try with qr code dde3259db83f1c5a86720338341e8608!',NULL,1486414037,NULL,3),(199,'Admin logged in . ',15,1486414039,NULL,1),(200,'Failed team login try with qr code 1a1ce120f74c03216b2bcb575cc7b592!',NULL,1486470001,NULL,2),(201,'Failed team login try with qr code 1a1ce120f74c03216b2bcb575cc7b592!',NULL,1486499154,NULL,2),(202,'Failed team login try with qr code 1a1ce120f74c03216b2bcb575cc7b592!',NULL,1486499468,NULL,2),(203,'Failed team login try with qr code team!',NULL,1486499513,NULL,2),(204,'Failed team login try with qr code team!',NULL,1486499524,NULL,2),(205,'Team logged in . ',1,1486499529,NULL,1),(206,'Failed admin login try with qr code 0c4d4b28cb7600094541349d88ade877!',NULL,1486499823,NULL,3),(207,'Admin logged in . ',15,1486499845,NULL,1),(208,'Failed team login try with qr code 1a1ce120f74c03216b2bcb575cc7b592!',NULL,1486844870,NULL,2),(209,'Team logged in . ',1,1486845032,NULL,1),(210,'Team logged in . ',1,1486845070,NULL,1),(211,'Registration: member already registered',NULL,1486857375,NULL,2),(212,'Registration: member already registered',NULL,1486858330,NULL,2),(213,'Registration: member already registered',NULL,1486858337,NULL,2),(214,'Registration: Cancel registration for group 1.',NULL,1486858946,NULL,3),(215,'Registration: Cancel registration for member eb9c618431ffd099703ad9a4600130c9.',NULL,1486858946,NULL,3),(216,'Registration: Cancel registration for member 61ee05df02ec3c4910bbd21c0ad92f28.',NULL,1486858946,NULL,3),(217,'Registration: Cancel registration for member 65c44b28a3643be71b7bc51d22f31211.',NULL,1486858946,NULL,3),(218,'Failed team login try with qr code 1a1ce120f74c03216b2bcb575cc7b592!',NULL,1486858957,NULL,2),(219,'Registration: member already registered',NULL,1486859080,NULL,2),(220,'Team logged in . ',17,1487624772,NULL,1),(221,'Moved Team into first level. ',17,1487624772,NULL,1),(222,'Registration: member already registered',13,1487624908,NULL,2),(223,'Registration: member already registered',13,1487624914,NULL,2),(224,'Registration: member already registered',13,1487624973,NULL,2),(225,'Registration: member already registered',13,1487624973,NULL,2),(226,'Registration: member already registered',13,1487625109,NULL,2),(227,'Registration: member already registered',13,1487625352,NULL,2),(228,'Registration: member already registered',13,1487625357,NULL,2),(229,'Registration: member already registered',13,1487625388,NULL,2),(230,'Team logged in . ',13,1487625466,NULL,1),(231,'Moved Team into first level. ',13,1487625466,NULL,1),(232,'Team logged in . ',13,1487663292,NULL,1),(233,'Team logged in . ',13,1487969081,NULL,1),(234,'Failed admin login try with qr code 0c4d4b28cb7600094541349d88ade877!',NULL,1487970761,NULL,3),(235,'Admin logged in . ',15,1487971432,NULL,1),(236,'Failed admin login try with qr code 0c4d4b28cb7600094541349d88ade877!',NULL,1488663348,NULL,3),(237,'Admin logged in . ',15,1488663356,NULL,1),(238,'Admin logged in . ',15,1489100114,NULL,1),(239,'Admin logged in . ',15,1489438730,NULL,1),(240,'Failed admin login try with qr code 0c4d4b28cb7600094541349d88ade877!',NULL,1490721955,NULL,3),(241,'Failed admin login try with qr code 0c4d4b28cb7600094541349d88ade877!',NULL,1490721999,NULL,3),(242,'Admin logged in . ',15,1490722005,NULL,1),(243,'Team logged in . ',13,1490729107,NULL,1),(244,'Team logged in . ',13,1490729356,NULL,1),(245,'Team logged in . ',13,1490729368,NULL,1),(246,'Team logged in . ',13,1490729368,NULL,1),(247,'Team logged in . ',13,1490729428,NULL,1),(248,'Team logged in . ',13,1490729428,NULL,1),(249,'Team logged in . ',13,1490729428,NULL,1),(250,'Team logged in . ',13,1490729866,NULL,1),(251,'Team logged in . ',13,1490729866,NULL,1),(252,'Team logged in . ',13,1490729867,NULL,1),(253,'Failed login try with qr code , error: \"Invalid code\"',NULL,1493060951,NULL,2),(254,'Failed login try with qr code , error: \"Invalid code\"',NULL,1493060951,NULL,2),(255,'Failed login try with qr code , error: \"Invalid code\"',NULL,1493060962,NULL,2),(256,'Failed login try with qr code , error: \"Invalid code\"',NULL,1493061016,NULL,2),(257,'Failed admin login try with qr code 0c4d4b28cb7600094541349d88ade877!',NULL,1493061083,NULL,3),(258,'Admin logged in . ',15,1493061100,NULL,1),(259,'Failed login try with qr code , error: \"Invalid code\"',NULL,1493061270,NULL,2),(260,'Failed login try with qr code , error: \"Invalid code\"',NULL,1493061270,NULL,2),(261,'Failed login try with qr code , error: \"Invalid code\"',NULL,1493061270,NULL,2),(262,'Failed login try with qr code , error: \"Invalid code\"',NULL,1493061383,NULL,2),(263,'Team logged in . ',1,1493061489,NULL,1),(264,'Team logged in . ',1,1493062622,NULL,1),(265,'Team logged in . ',1,1493062622,NULL,1),(266,'Admin logged in . ',15,1493063709,NULL,1),(267,'Team logged in . ',1,1493569919,NULL,1),(268,'Team logged in . ',1,1493746671,NULL,1),(269,'Team logged in . ',1,1493922688,NULL,1),(270,'Team logged in . ',1,1493923303,NULL,1),(271,'Admin logged in . ',15,1494018424,NULL,1);
/*!40000 ALTER TABLE `actionlog` ENABLE KEYS */;
UNLOCK TABLES;

--
-- Table structure for table `game`
--

DROP TABLE IF EXISTS `game`;
/*!40101 SET @saved_cs_client     = @@character_set_client */;
/*!40101 SET character_set_client = utf8 */;
CREATE TABLE `game` (
  `id` int(11) NOT NULL AUTO_INCREMENT,
  `passcode` varchar(45) DEFAULT NULL,
  `name` varchar(45) DEFAULT NULL,
  `description` text,
  `duration` int(11) DEFAULT NULL,
  `level_id` int(11) DEFAULT NULL,
  `location_id` int(11) DEFAULT NULL,
  `status` tinyint(4) DEFAULT NULL,
  `game_description` text,
  `group_text_game_start` text,
  `group_text_game_question` text,
  `group_text_game_end` text,
  `grade` varchar(15) DEFAULT NULL,
  `identifier` varchar(45) NOT NULL,
  `game_answer` tinytext,
  PRIMARY KEY (`id`),
  KEY `fk_game_level1_idx` (`level_id`),
  KEY `fk_game_location1_idx` (`location_id`),
  CONSTRAINT `fk_game_level1` FOREIGN KEY (`level_id`) REFERENCES `level` (`id`) ON DELETE NO ACTION ON UPDATE NO ACTION,
  CONSTRAINT `fk_game_location1` FOREIGN KEY (`location_id`) REFERENCES `location` (`id`) ON DELETE NO ACTION ON UPDATE NO ACTION
) ENGINE=InnoDB AUTO_INCREMENT=1045 DEFAULT CHARSET=utf8;
/*!40101 SET character_set_client = @saved_cs_client */;

--
-- Dumping data for table `game`
--

LOCK TABLES `game` WRITE;
/*!40000 ALTER TABLE `game` DISABLE KEYS */;
INSERT INTO `game` VALUES (130,'9375db8784af1ef24c3ec559b23077a4','Baum und Blatt',NULL,5,1,NULL,1,NULL,NULL,NULL,NULL,'w','1W01.01','Baumkrone'),(131,'96fde1c5e852fe6c9f5bfb0a1936cb85','Baum und Blatt',NULL,5,1,NULL,1,NULL,NULL,NULL,NULL,'w','1W01.02','Baumkrone'),(132,'8329f61398af8b64ec8e763b227c592e','Baum und Blatt',NULL,5,1,NULL,1,NULL,NULL,NULL,NULL,'w','1W01.03','Baumkrone'),(133,'efd414d7bceb1085d3f0795d2493a679','Baum und Blatt',NULL,5,1,NULL,1,NULL,NULL,NULL,NULL,'w','1W01.04','Baumkrone'),(134,'d4533838298b9c974a8282ffa6626904','Baum und Blatt',NULL,5,1,NULL,1,NULL,NULL,NULL,NULL,'w','1W01.05','Baumkrone'),(135,'6c2ae03efa449b7a2a66b38e3e708ccf','Bissiger Hund',NULL,5,1,NULL,1,NULL,NULL,NULL,NULL,'w','1W02.01',''),(136,'c7b25e116f36f9e07a07327baea786a4','Bissiger Hund',NULL,5,1,NULL,1,NULL,NULL,NULL,NULL,'w','1W02.02',''),(137,'b8f01aac3f396f2407a4d8a2b884a261','Bissiger Hund',NULL,5,1,NULL,1,NULL,NULL,NULL,NULL,'w','1W02.03',''),(138,'2da975f8373e6f4643950296300d8259','Bissiger Hund',NULL,5,1,NULL,1,NULL,NULL,NULL,NULL,'w','1W02.04',''),(139,'f118e8f33e3ea31f6ded2444271f7815','Bissiger Hund',NULL,5,1,NULL,1,NULL,NULL,NULL,NULL,'w','1W02.05',''),(140,'0d436acecef97567be0b9739a1c40184','Blechdosenbalancieren',NULL,5,1,NULL,1,NULL,NULL,NULL,NULL,'w','1W03.01',''),(141,'e7d55c7efe75825b9834f74d7d237f54','Blechdosenbalancieren',NULL,5,1,NULL,1,NULL,NULL,NULL,NULL,'w','1W03.02',''),(142,'349beba862b0d63d74b34d020ab0c76e','Blechdosenbalancieren',NULL,5,1,NULL,1,NULL,NULL,NULL,NULL,'w','1W03.03',''),(143,'a0418993c47fbad9a0c123bf7e303d79','Blechdosenbalancieren',NULL,5,1,NULL,1,NULL,NULL,NULL,NULL,'w','1W03.04',''),(144,'11b746b33d1a7186f25c2e02aaabe293','Bottleflip',NULL,5,1,NULL,1,NULL,NULL,NULL,NULL,'w','1W04.01',''),(145,'dda4acd9eb32d829ea01dce24884be7f','Bottleflip',NULL,5,1,NULL,1,NULL,NULL,NULL,NULL,'w','1W04.02',''),(146,'29d0404d328af6e675ed799bbbc4c049','Bottleflip',NULL,5,1,NULL,1,NULL,NULL,NULL,NULL,'w','1W04.03',''),(147,'81f875848b8a79511c2606982de28481','Bottleflip',NULL,5,1,NULL,1,NULL,NULL,NULL,NULL,'w','1W04.04',''),(148,'e63ff6e81a59a0fa7c02959fb75cd641','Bottleflip',NULL,5,1,NULL,1,NULL,NULL,NULL,NULL,'w','1W04.05',''),(149,'db2abe8c593dd7d1d78fb958e23b448a','Bottleflip',NULL,5,1,NULL,1,NULL,NULL,NULL,NULL,'w','1W04.06',''),(150,'9d9a42bff114d1d3e58983adb7f8a9a8','Bunte Hände',NULL,5,1,NULL,1,NULL,NULL,NULL,NULL,'w','1W05.01','Die Welt ist bunt '),(151,'2cf04f1d13f2e02f598bfb90b74d3594','Bunte Hände',NULL,5,1,NULL,1,NULL,NULL,NULL,NULL,'w','1W05.02','Die Welt ist bunt '),(152,'1dcca2e105ec1e82d9c0ae6b45edeb30','Bunte Hände',NULL,5,1,NULL,1,NULL,NULL,NULL,NULL,'w','1W05.03','Die Welt ist bunt '),(153,'5168dd608e5b7aa56ec989ae6c3a4240','Bunte Hände',NULL,5,1,NULL,1,NULL,NULL,NULL,NULL,'w','1W05.04','Die Welt ist bunt '),(154,'257b996fd71925532062effa5f786165','Dosenkick-Dart',NULL,5,1,NULL,1,NULL,NULL,NULL,NULL,'w','1W06.01','vierzig'),(155,'755bece2a7d8d543757eac241a6a4bf7','Dosenkick-Dart',NULL,5,1,NULL,1,NULL,NULL,NULL,NULL,'w','1W06.02','vierzig'),(156,'4dea64678290e0dfb129bc7c065a7d04','Dosenkick-Dart',NULL,5,1,NULL,1,NULL,NULL,NULL,NULL,'w','1W06.03','vierzig'),(157,'86e89a161644d8ce52899a2d96fff3c6','Dosenkick-Dart',NULL,5,1,NULL,1,NULL,NULL,NULL,NULL,'w','1W06.04','vierzig'),(158,'363ce228be0ac0a2eeeb18123c9b22c5','Dosenkick-Dart',NULL,5,1,NULL,1,NULL,NULL,NULL,NULL,'w','1W06.05','vierzig'),(159,'075175274687937b36fbc3b4493a777c','Falscher Fuffziger',NULL,5,1,NULL,1,NULL,NULL,NULL,NULL,'w','1W07.01',''),(160,'e2a514e047c60bbdb39172ed261a6524','Falscher Fuffziger',NULL,5,1,NULL,1,NULL,NULL,NULL,NULL,'w','1W07.02',''),(161,'58b9515995ed1c7cf26761a8fa0919b6','Falscher Fuffziger',NULL,5,1,NULL,1,NULL,NULL,NULL,NULL,'w','1W07.03',''),(162,'fd953a97a412192bb56dcc45bc084887','Falscher Fuffziger',NULL,5,1,NULL,1,NULL,NULL,NULL,NULL,'w','1W07.04',''),(163,'71d2a9ed85554192f4ac0b19a2db6699','Falscher Fuffziger',NULL,5,1,NULL,1,NULL,NULL,NULL,NULL,'w','1W07.05',''),(164,'3c0849c438cd2a6b0f48ba1d2c08daea','Gegenstände merken',NULL,5,1,NULL,1,NULL,NULL,NULL,NULL,'w','1W08.01',''),(165,'e1bfe2d3876e140ab13b285ae7d182a6','Gegenstände merken',NULL,5,1,NULL,1,NULL,NULL,NULL,NULL,'w','1W08.02',''),(166,'60ff9db1effc17d1b1ceb3e43909af3e','Gegenstände merken',NULL,5,1,NULL,1,NULL,NULL,NULL,NULL,'w','1W08.03',''),(167,'8b896fe03b45a14c524a5cfe3fa4746a','Geheimschrift',NULL,5,1,NULL,1,NULL,NULL,NULL,NULL,'w','1W09.01','Weseler Aue'),(168,'e5c39c4a2a1c2e0934f1832ffa3fbc1a','Geheimschrift',NULL,5,1,NULL,1,NULL,NULL,NULL,NULL,'w','1W09.02','Weseler Aue'),(169,'4340741b4ab9daaced5eec3262f11f8f','Geheimschrift',NULL,5,1,NULL,1,NULL,NULL,NULL,NULL,'w','1W09.03','Weseler Aue'),(170,'e8c280579cafe4a4beeea6cb28b94221','Geheimschrift',NULL,5,1,NULL,1,NULL,NULL,NULL,NULL,'w','1W09.04','Weseler Aue'),(171,'ed8575b5af027322890d27165b580005','Geheimschrift',NULL,5,1,NULL,1,NULL,NULL,NULL,NULL,'w','1W09.05','Weseler Aue'),(172,'a174a7f458c4079c64689d8d0f5085ce','Geheimschrift',NULL,5,1,NULL,1,NULL,NULL,NULL,NULL,'w','1W09.06','Weseler Aue'),(173,'201d83da9b24f744907da09d04f24773','Geruchsmemory',NULL,5,1,NULL,1,NULL,NULL,NULL,NULL,'w','1W10.01','Spürnase'),(174,'abea1e5189630a5ea72787b8dfc936e7','Geruchsmemory',NULL,5,1,NULL,1,NULL,NULL,NULL,NULL,'w','1W10.02','Spürnase'),(175,'bc7a6b669dc64758a840e1162e960eb1','Geruchsmemory',NULL,5,1,NULL,1,NULL,NULL,NULL,NULL,'w','1W10.03','Spürnase'),(176,'692b4a927fd5184218125a3996213ee3','Geruchsmemory',NULL,5,1,NULL,1,NULL,NULL,NULL,NULL,'w','1W10.04','Spürnase'),(177,'fd80aa914538612840c94bd013ac5a58','Wer oder was bin ich?',NULL,5,1,NULL,1,NULL,NULL,NULL,NULL,'w','1W11.01',''),(178,'dca1eeac1d434723695a7dba0c100878','Wer oder was bin ich?',NULL,5,1,NULL,1,NULL,NULL,NULL,NULL,'w','1W11.02',''),(179,'0a381bdf3573cbf72a5cff8b788e7770','Wer oder was bin ich?',NULL,5,1,NULL,1,NULL,NULL,NULL,NULL,'w','1W11.03',''),(180,'7a9d04d59ddaae198f4f224b36fe8e2c','Wer oder was bin ich?',NULL,5,1,NULL,1,NULL,NULL,NULL,NULL,'w','1W11.04',''),(181,'675a840598b5762c7f05f2f394b7176a','Wer oder was bin ich?',NULL,5,1,NULL,1,NULL,NULL,NULL,NULL,'w','1W11.05',''),(182,'53388311b03982a7fabd4e66c654125a','Wer oder was bin ich?',NULL,5,1,NULL,1,NULL,NULL,NULL,NULL,'w','1W11.06',''),(183,'018555a3460b46e027689875e741fe83','Katapultieren',NULL,5,1,NULL,1,NULL,NULL,NULL,NULL,'w','1W12.01','Teamwork'),(184,'d05e4e75219af03be422d2c852a40da5','Katapultieren',NULL,5,1,NULL,1,NULL,NULL,NULL,NULL,'w','1W12.02','Teamwork'),(185,'0d3bd07da8bc213d2b3e1fd14204d015','Katapultieren',NULL,5,1,NULL,1,NULL,NULL,NULL,NULL,'w','1W12.03','Teamwork'),(186,'32f54c51c0a62bd162d25935f650fd61','Katapultieren',NULL,5,1,NULL,1,NULL,NULL,NULL,NULL,'w','1W12.04','Teamwork'),(187,'040170657a36190f3785fc5af68152c5','Lagerlogopuzzle',NULL,5,1,NULL,1,NULL,NULL,NULL,NULL,'w','1W13.01',''),(188,'fae5e93d3d7c8e58938bb2addee2de20','Lagerlogopuzzle',NULL,5,1,NULL,1,NULL,NULL,NULL,NULL,'w','1W13.02',''),(189,'d4c3e1dda0c3fa0ba3a16fd6a5b50bbb','Lagerlogopuzzle',NULL,5,1,NULL,1,NULL,NULL,NULL,NULL,'w','1W13.03',''),(190,'954a01b6433dfa47716a7dd110cef9a7','Lagerlogopuzzle',NULL,5,1,NULL,1,NULL,NULL,NULL,NULL,'w','1W13.04',''),(191,'ae4b64b25bbaaf09eda45fac3a4a00d0','Lagerlogopuzzle',NULL,5,1,NULL,1,NULL,NULL,NULL,NULL,'w','1W13.05',''),(192,'f18ad835ea2310be07fb7fd4ab7772d7','Lagerlogopuzzle',NULL,5,1,NULL,1,NULL,NULL,NULL,NULL,'w','1W13.06',''),(193,'d396ff877195c29047b4555f723c746b','Lagerlogopuzzle',NULL,5,1,NULL,1,NULL,NULL,NULL,NULL,'w','1W13.07',''),(194,'f5bc9381a0e32603d7015016a5efd7d3','Liedergurgeln',NULL,5,1,NULL,1,NULL,NULL,NULL,NULL,'w','1W14.01',''),(195,'7f658454169a17851d9ffd4efad4caed','Liedergurgeln',NULL,5,1,NULL,1,NULL,NULL,NULL,NULL,'w','1W14.02',''),(196,'9af759ce1bed15f56793f2c492f5f05a','Liedergurgeln',NULL,5,1,NULL,1,NULL,NULL,NULL,NULL,'w','1W14.03',''),(197,'c6c6f3b28e6f79f65781ad9e89371cbe','Liedergurgeln',NULL,5,1,NULL,1,NULL,NULL,NULL,NULL,'w','1W14.04',''),(198,'6699653ad97f550c417d6d0f58b782b5','Memory',NULL,5,1,NULL,1,NULL,NULL,NULL,NULL,'w','1W15.01',''),(199,'d1459c339285ed5b94264cae831a882d','Memory',NULL,5,1,NULL,1,NULL,NULL,NULL,NULL,'w','1W15.02',''),(200,'dfd0d2a8b5e9c1f86882af7ae408be9a','Memory',NULL,5,1,NULL,1,NULL,NULL,NULL,NULL,'w','1W15.03',''),(201,'7a7f423370c627018885c1c8ee0eb6fb','Memory',NULL,5,1,NULL,1,NULL,NULL,NULL,NULL,'w','1W15.04',''),(202,'09f65f7158c72a8b09d573cda2ad2db6','Minutenspiel',NULL,5,1,NULL,1,NULL,NULL,NULL,NULL,'w','1W16.01',''),(203,'f95c3686cb04f561d6b00de4126d68fd','Minutenspiel',NULL,5,1,NULL,1,NULL,NULL,NULL,NULL,'w','1W16.02',''),(204,'65ee9382e63609f7e48d8def690ecdf3','Minutenspiel',NULL,5,1,NULL,1,NULL,NULL,NULL,NULL,'w','1W16.03',''),(205,'02aab73c5c4ef088b77b907572d89ae7','Minutenspiel',NULL,5,1,NULL,1,NULL,NULL,NULL,NULL,'w','1W16.04',''),(206,'25a769da3af928db1ad7e0e91a3d3c68','Münzenraten',NULL,5,1,NULL,1,NULL,NULL,NULL,NULL,'w','1W17.01',''),(207,'ac910f25f0f3062e8a1cc49c7681a599','Münzenraten',NULL,5,1,NULL,1,NULL,NULL,NULL,NULL,'w','1W17.02',''),(208,'90867618c9a3a451473c8dd3d2f8c0c0','Münzenraten',NULL,5,1,NULL,1,NULL,NULL,NULL,NULL,'w','1W17.03',''),(209,'7e9afcf1e90afdb46f804b645b54290b','Münzenraten',NULL,5,1,NULL,1,NULL,NULL,NULL,NULL,'w','1W17.04',''),(210,'ff5fdfbd86130126188ca77aff7bc779','Pilotenrennen',NULL,5,1,NULL,1,NULL,NULL,NULL,NULL,'w','1W18.01','Flugzeug'),(211,'b713264273429d798ca3e6434b20fb2a','Pilotenrennen',NULL,5,1,NULL,1,NULL,NULL,NULL,NULL,'w','1W18.02','Flugzeug'),(212,'93f38031289126b8f0f2cb5c2670810c','Pilotenrennen',NULL,5,1,NULL,1,NULL,NULL,NULL,NULL,'w','1W18.03','Flugzeug'),(213,'3f1db9c1f7963798e0e0e316acd93fa3','Pilotenrennen',NULL,5,1,NULL,1,NULL,NULL,NULL,NULL,'w','1W18.04','Flugzeug'),(214,'3060ba86770d984c812ad06bed4dc50f','Pilotenrennen',NULL,5,1,NULL,1,NULL,NULL,NULL,NULL,'w','1W18.05','Flugzeug'),(215,'a4be76e26bf7338bd90a933333c33f97','Pilotenrennen',NULL,5,1,NULL,1,NULL,NULL,NULL,NULL,'w','1W18.06','Flugzeug'),(216,'20c7b2692a1f380b489aa38ac603962d','Mikado XXL',NULL,5,1,NULL,1,NULL,NULL,NULL,NULL,'w','1W19.01',''),(217,'345af68bd2cdd72ca79a2ecbd682ec9b','Mikado XXL',NULL,5,1,NULL,1,NULL,NULL,NULL,NULL,'w','1W19.02',''),(218,'7dbfbdd9f80075d84ecee3d6a95ca58f','Mikado XXL',NULL,5,1,NULL,1,NULL,NULL,NULL,NULL,'w','1W19.03',''),(219,'df8da510ca2509e6c8ac88906671d9c2','Mikado XXL',NULL,5,1,NULL,1,NULL,NULL,NULL,NULL,'w','1W19.04',''),(220,'6dc8351a88354d24a71f61641cfb71c2','Spitz Pass auf!',NULL,5,1,NULL,1,NULL,NULL,NULL,NULL,'w','1W20.01',''),(221,'c9e4ed4bf35d7c24fb8ed77a453e860c','Spitz Pass auf!',NULL,5,1,NULL,1,NULL,NULL,NULL,NULL,'w','1W20.02',''),(222,'62aa20bf602bb54d417ae4a6404422c2','Spitz Pass auf!',NULL,5,1,NULL,1,NULL,NULL,NULL,NULL,'w','1W20.03',''),(223,'de33570ac7993d6e6ff7cb6c02258d1a','Spitz Pass auf!',NULL,5,1,NULL,1,NULL,NULL,NULL,NULL,'w','1W20.04',''),(224,'5c40c0515af39d4243deb0ade654e525','Tangram',NULL,5,1,NULL,1,NULL,NULL,NULL,NULL,'w','1W21.01',''),(225,'0b889c548313a430eea55c4e6b58cd68','Tangram',NULL,5,1,NULL,1,NULL,NULL,NULL,NULL,'w','1W21.02',''),(226,'7c4fde66a9d89fc7faa0c141fbe1194e','Tangram',NULL,5,1,NULL,1,NULL,NULL,NULL,NULL,'w','1W21.03',''),(227,'423a84e3c035557d4726222d286abd54','Tangram',NULL,5,1,NULL,1,NULL,NULL,NULL,NULL,'w','1W21.04',''),(228,'42fea7a1bfba006c222508ff5d428ef8','Tangram',NULL,5,1,NULL,1,NULL,NULL,NULL,NULL,'w','1W21.05',''),(229,'6caa65bf97051d4ca48781dc784aaa54','Ubongo',NULL,5,1,NULL,1,NULL,NULL,NULL,NULL,'w','1W22.01',''),(230,'e8603d8d8ad9f45fb1edc9280e865405','Ubongo',NULL,5,1,NULL,1,NULL,NULL,NULL,NULL,'w','1W22.02',''),(231,'c401974cca08065b4818164b68b2ad88','Ubongo',NULL,5,1,NULL,1,NULL,NULL,NULL,NULL,'w','1W22.03',''),(232,'b91b88754552d8d30ae10ce2ba6af5ad','Ubongo',NULL,5,1,NULL,1,NULL,NULL,NULL,NULL,'w','1W22.04',''),(233,'fdacf35304ff0ac16cd3be4101735e65','Wer bist du?',NULL,5,1,NULL,1,NULL,NULL,NULL,NULL,'w','1W23.01','Helene Fischer'),(234,'9351bd51ff5ec43eb8cba73dd5db2f61','Wer bist du?',NULL,5,1,NULL,1,NULL,NULL,NULL,NULL,'w','1W23.02','Helene Fischer'),(235,'1aceeb8a6f3e5a9d40a86f0617d45086','Wer bist du?',NULL,5,1,NULL,1,NULL,NULL,NULL,NULL,'w','1W23.03','Helene Fischer'),(236,'8c0250fbfc1850f2313cdc917eb11009','Wer bist du?',NULL,5,1,NULL,1,NULL,NULL,NULL,NULL,'w','1W23.04','Helene Fischer'),(237,'faeb08ec92fe2faf2d80aeed1ac86048','Wer bist du?',NULL,5,1,NULL,1,NULL,NULL,NULL,NULL,'w','1W23.05','Helene Fischer'),(238,'e330acac86fa8082385c83fb8e1ee942','Wer bist du?',NULL,5,1,NULL,1,NULL,NULL,NULL,NULL,'w','1W23.06','Helene Fischer'),(239,'6ba0492be1684e1ae66f05825f3ff15d','Wer bist du?',NULL,5,1,NULL,1,NULL,NULL,NULL,NULL,'w','1W23.07','Helene Fischer'),(240,'5d007756a59587fa08d2543b02e030f8','Wie lang ist das Seil?',NULL,5,1,NULL,1,NULL,NULL,NULL,NULL,'w','1W24.01',''),(241,'f757a470205d46f5854c6b087b88045b','Wie lang ist das Seil?',NULL,5,1,NULL,1,NULL,NULL,NULL,NULL,'w','1W24.02',''),(242,'fc6a9be8cd5be9f42175f9861e3bda29','Wie lang ist das Seil?',NULL,5,1,NULL,1,NULL,NULL,NULL,NULL,'w','1W24.03',''),(243,'bc6437d8145f25e9751efc5479909bb2','Wie lang ist das Seil?',NULL,5,1,NULL,1,NULL,NULL,NULL,NULL,'w','1W24.04',''),(244,'6bbefdeb56edfc23702be12a29b74386','Wie lang ist das Seil?',NULL,5,1,NULL,1,NULL,NULL,NULL,NULL,'w','1W24.05',''),(245,'36d3093caf99a1379e9160a774198e79','Wie lang ist das Seil?',NULL,5,1,NULL,1,NULL,NULL,NULL,NULL,'w','1W24.06',''),(246,'a1e3362117b0c9dbca7fec686ffb2387','Wie lang ist das Seil?',NULL,5,1,NULL,1,NULL,NULL,NULL,NULL,'w','1W24.07',''),(247,'c1d969ed72fd3b960d9fe098d8aac4e4','Wie lang ist das Seil?',NULL,5,1,NULL,1,NULL,NULL,NULL,NULL,'w','1W24.08',''),(248,'3aeba671be0d60e3c9915ad3d20c6ccf','Wie lang ist das Seil?',NULL,5,1,NULL,1,NULL,NULL,NULL,NULL,'w','1W24.09',''),(249,'f592d6135300d83b6df727f75a4e6f4e','Wie lang ist das Seil?',NULL,5,1,NULL,1,NULL,NULL,NULL,NULL,'w','1W24.10',''),(250,'c8d1e66749d1ed6b63addacef6e383db','Baum und Blatt',NULL,5,1,NULL,1,NULL,NULL,NULL,NULL,'j','1J01.01','Baumkrone'),(251,'e9fd55e230c0b74404fecdaecae6696e','Baum und Blatt',NULL,5,1,NULL,1,NULL,NULL,NULL,NULL,'j','1J01.02','Baumkrone'),(252,'160bdf3235b407965e478d3ef86aa821','Baum und Blatt',NULL,5,1,NULL,1,NULL,NULL,NULL,NULL,'j','1J01.03','Baumkrone'),(253,'0a5ce46d3485f22c10bdc3e1f07eefd7','Baum und Blatt',NULL,5,1,NULL,1,NULL,NULL,NULL,NULL,'j','1J01.04','Baumkrone'),(254,'0e13fadc97a4967f4fb5fe059abcac00','Baum und Blatt',NULL,5,1,NULL,1,NULL,NULL,NULL,NULL,'j','1J01.05','Baumkrone'),(255,'41287877b4d23003ff1b0661f9506fdd','Baum und Blatt',NULL,5,1,NULL,1,NULL,NULL,NULL,NULL,'j','1J01.06','Baumkrone'),(256,'97da0834004e081c3b2a28181aca3a46','Bissiger Hund',NULL,5,1,NULL,1,NULL,NULL,NULL,NULL,'j','1J02.01',''),(257,'91d9420a1d6184e8ef10f97f9e5c1648','Bissiger Hund',NULL,5,1,NULL,1,NULL,NULL,NULL,NULL,'j','1J02.02',''),(258,'b22972ee1b7b7e625cf56c949bb4f022','Bissiger Hund',NULL,5,1,NULL,1,NULL,NULL,NULL,NULL,'j','1J02.03',''),(259,'1e984cb5ce128f4e8cdf6828f5ac50b2','Bissiger Hund',NULL,5,1,NULL,1,NULL,NULL,NULL,NULL,'j','1J02.04',''),(260,'91c861c01e8ab0eda07031e83fc7ba73','Bissiger Hund',NULL,5,1,NULL,1,NULL,NULL,NULL,NULL,'j','1J02.05',''),(261,'cbb85aa6cd60025acfccbfcd9bfe47f9','Bissiger Hund',NULL,5,1,NULL,1,NULL,NULL,NULL,NULL,'j','1J02.06',''),(262,'22195a77d43e1b063f4900342b9f13db','Blechdosen balancieren',NULL,5,1,NULL,1,NULL,NULL,NULL,NULL,'j','1J03.01',''),(263,'7c63d94c8269fd7e31cd9a66b8ab9944','Blechdosen balancieren',NULL,5,1,NULL,1,NULL,NULL,NULL,NULL,'j','1J03.02',''),(264,'b948bda14081cf3526b90cf12b27586e','Blechdosen balancieren',NULL,5,1,NULL,1,NULL,NULL,NULL,NULL,'j','1J03.03',''),(265,'e6e15510c4a3df880f142fe23e11c07f','Blechdosen balancieren',NULL,5,1,NULL,1,NULL,NULL,NULL,NULL,'j','1J03.04',''),(266,'ca4cbd21186de6b1f8bfb0f742a59a13','Blechdosen balancieren',NULL,5,1,NULL,1,NULL,NULL,NULL,NULL,'j','1J03.05',''),(267,'6a4b9a8c1399bcca7ae403f5b829964b','Bottleflip',NULL,5,1,NULL,1,NULL,NULL,NULL,NULL,'j','1J04.01',''),(268,'4f53a70f65400d2a273b5d57f1042f57','Bottleflip',NULL,5,1,NULL,1,NULL,NULL,NULL,NULL,'j','1J04.02',''),(269,'929e3277700ba6764fbeba0047126755','Bottleflip',NULL,5,1,NULL,1,NULL,NULL,NULL,NULL,'j','1J04.03',''),(270,'7dc332bc1a9c8d8852fe0d8e7aac212b','Bottleflip',NULL,5,1,NULL,1,NULL,NULL,NULL,NULL,'j','1J04.04',''),(271,'ca11e04182e1c346616055fd5de2fda7','Bottleflip',NULL,5,1,NULL,1,NULL,NULL,NULL,NULL,'j','1J04.05',''),(272,'dabeeae71343cd8124299268123e52a6','Bunte Hände',NULL,5,1,NULL,1,NULL,NULL,NULL,NULL,'j','1J05.01',''),(273,'d0ca9310dc64cea4c7f637a4ba4fff70','Bunte Hände',NULL,5,1,NULL,1,NULL,NULL,NULL,NULL,'j','1J05.02',''),(274,'4ef2011d5c439b8ba52098407b06bbd0','Bunte Hände',NULL,5,1,NULL,1,NULL,NULL,NULL,NULL,'j','1J05.03',''),(275,'2b9e64b9d4e47425fcb0c4aa05deaeac','Bunte Hände',NULL,5,1,NULL,1,NULL,NULL,NULL,NULL,'j','1J05.04',''),(276,'5824bb33c1a39f4d2035e368268ee554','Bunte Hände',NULL,5,1,NULL,1,NULL,NULL,NULL,NULL,'j','1J05.05',''),(277,'b526e19d1781c999e7dd197685466e16','Dosenkick-Dart',NULL,5,1,NULL,1,NULL,NULL,NULL,NULL,'j','1J06.01','vierzig'),(278,'9622166f81245ecee2d2a061434d815c','Dosenkick-Dart',NULL,5,1,NULL,1,NULL,NULL,NULL,NULL,'j','1J06.02','vierzig'),(279,'f56e0c3c9915b8e2cafe50481292a903','Dosenkick-Dart',NULL,5,1,NULL,1,NULL,NULL,NULL,NULL,'j','1J06.03','vierzig'),(280,'b1bab94d3a5c3111f9467e31c6c0e52b','Dosenkick-Dart',NULL,5,1,NULL,1,NULL,NULL,NULL,NULL,'j','1J06.04','vierzig'),(281,'9d5f7eae6c056adf50b3952339727a20','Dosenkick-Dart',NULL,5,1,NULL,1,NULL,NULL,NULL,NULL,'j','1J06.05','vierzig'),(282,'2137475e60a1a44694d041aca7590ccf','Erbsen schätzen',NULL,5,1,NULL,1,NULL,NULL,NULL,NULL,'j','1J07.01',''),(283,'4a4bf87d38f5b4747ca01b475e6d9159','Erbsen schätzen',NULL,5,1,NULL,1,NULL,NULL,NULL,NULL,'j','1J07.02',''),(284,'4076c8319a70722a8a7e6763aac61bd3','Erbsen schätzen',NULL,5,1,NULL,1,NULL,NULL,NULL,NULL,'j','1J07.03',''),(285,'cbaeb1f2c9388d50d81dfacd3e9ace36','Erbsen schätzen',NULL,5,1,NULL,1,NULL,NULL,NULL,NULL,'j','1J07.04',''),(286,'c27d4438c72e0c8d1da17033afa8f786','Erbsen schätzen',NULL,5,1,NULL,1,NULL,NULL,NULL,NULL,'j','1J07.05',''),(287,'2442dd002472eb7c8aa9b2d1c37d33f4','Falscher Fuffziger',NULL,5,1,NULL,1,NULL,NULL,NULL,NULL,'j','1J08.01',''),(288,'3efce5ee1e7792f180992c50a2c0f258','Falscher Fuffziger',NULL,5,1,NULL,1,NULL,NULL,NULL,NULL,'j','1J08.02',''),(289,'6c9b79063257abd906babce492858306','Falscher Fuffziger',NULL,5,1,NULL,1,NULL,NULL,NULL,NULL,'j','1J08.03',''),(290,'89c315680a77352b6e2d40b251215517','Falscher Fuffziger',NULL,5,1,NULL,1,NULL,NULL,NULL,NULL,'j','1J08.04',''),(291,'da15d6a8e382e8955a31287c4366443f','Falscher Fuffziger',NULL,5,1,NULL,1,NULL,NULL,NULL,NULL,'j','1J08.05',''),(292,'4737660b79a9866f145109069c88884d','Frisbee Zielwurf',NULL,5,1,NULL,1,NULL,NULL,NULL,NULL,'j','1J09.01',''),(293,'b6136ff864c8738d771f825849613126','Frisbee Zielwurf',NULL,5,1,NULL,1,NULL,NULL,NULL,NULL,'j','1J09.02',''),(294,'cd1d88576da9fa8bc0f4a779974118cd','Frisbee Zielwurf',NULL,5,1,NULL,1,NULL,NULL,NULL,NULL,'j','1J09.03',''),(295,'4ab9012ff5a7b666a7f5b09ccd740673','Frisbee Zielwurf',NULL,5,1,NULL,1,NULL,NULL,NULL,NULL,'j','1J09.04',''),(296,'6fc56b732d811be960e61039356a35d8','Frisbee Zielwurf',NULL,5,1,NULL,1,NULL,NULL,NULL,NULL,'j','1J09.05',''),(297,'1309747e0b674406d9ae003603593feb','Gegenstände merken',NULL,5,1,NULL,1,NULL,NULL,NULL,NULL,'j','1J10.01',''),(298,'4e8f5e3acf6f64cd2da5fee4cd549b24','Gegenstände merken',NULL,5,1,NULL,1,NULL,NULL,NULL,NULL,'j','1J10.02',''),(299,'e9b7805ebe5a7003d7110a1e87e8a2f8','Gegenstände merken',NULL,5,1,NULL,1,NULL,NULL,NULL,NULL,'j','1J10.03',''),(300,'67e9315fe41a19f3a905e9ca6904cf1a','Gegenstände merken',NULL,5,1,NULL,1,NULL,NULL,NULL,NULL,'j','1J10.04',''),(301,'8a22cb9714ef62fdd4b33ee9e2386f41','Geheimschrift',NULL,5,1,NULL,1,NULL,NULL,NULL,NULL,'j','1J11.01','Strandbad Auesee'),(302,'510e2f4aceeac62e7cad8099359c31d9','Geheimschrift',NULL,5,1,NULL,1,NULL,NULL,NULL,NULL,'j','1J11.02','Strandbad Auesee'),(303,'00346a78d8b112b2b2ac45408b368b1f','Geheimschrift',NULL,5,1,NULL,1,NULL,NULL,NULL,NULL,'j','1J11.03','Strandbad Auesee'),(304,'765748c39b2dd021bce87abf98fbcfbb','Geheimschrift',NULL,5,1,NULL,1,NULL,NULL,NULL,NULL,'j','1J11.04','Strandbad Auesee'),(305,'eac6a47629d11b7eff88cad7daa2a1cd','Geheimschrift',NULL,5,1,NULL,1,NULL,NULL,NULL,NULL,'j','1J11.05','Strandbad Auesee'),(306,'106e8c7916951b16c7a2893f121a0f6e','Geheimschrift',NULL,5,1,NULL,1,NULL,NULL,NULL,NULL,'j','1J11.06','Strandbad Auesee'),(307,'968737de6dd1b13570bea16c78177082','Geheimschrift',NULL,5,1,NULL,1,NULL,NULL,NULL,NULL,'j','1J11.07','Strandbad Auesee'),(308,'8d46a8cff5e33541ad48c627efc651aa','Geheimschrift',NULL,5,1,NULL,1,NULL,NULL,NULL,NULL,'j','1J11.08','Strandbad Auesee'),(309,'02ad41450fdef9a9c0e5af0629bd8111','Geruchsmemory',NULL,5,1,NULL,1,NULL,NULL,NULL,NULL,'j','1J12.01','Spürnase'),(310,'0c29790bccec792bb1c4b68d9e991e60','Geruchsmemory',NULL,5,1,NULL,1,NULL,NULL,NULL,NULL,'j','1J12.02','Spürnase'),(311,'292161c19e84abf4246b385eda3c8588','Geruchsmemory',NULL,5,1,NULL,1,NULL,NULL,NULL,NULL,'j','1J12.03','Spürnase'),(312,'fd442e8d17c20346f2c5f6e3c67ad598','Geruchsmemory',NULL,5,1,NULL,1,NULL,NULL,NULL,NULL,'j','1J12.04','Spürnase'),(313,'9c8f0ef515033553d7ae2baf43c07a15','Wie lang ist das Seil?',NULL,5,1,NULL,1,NULL,NULL,NULL,NULL,'j','1J13.01',''),(314,'0144f622f2afd3796aac7a37b1af354b','Wie lang ist das Seil?',NULL,5,1,NULL,1,NULL,NULL,NULL,NULL,'j','1J13.02',''),(315,'4d7e66df1c754bfed325da4085f5a3e2','Wie lang ist das Seil?',NULL,5,1,NULL,1,NULL,NULL,NULL,NULL,'j','1J13.03',''),(316,'efa4c17eaa1a0aadf3b6bc447b8449a1','Wie lang ist das Seil?',NULL,5,1,NULL,1,NULL,NULL,NULL,NULL,'j','1J13.04',''),(317,'981fca19d5ec389e237790d998ca5cf2','Wie lang ist das Seil?',NULL,5,1,NULL,1,NULL,NULL,NULL,NULL,'j','1J13.05',''),(318,'f3f6021097950fb0bca7e6e71d00ae8c','Wie lang ist das Seil?',NULL,5,1,NULL,1,NULL,NULL,NULL,NULL,'j','1J13.06',''),(319,'f45bf635d924db782555e250f58a12cb','Katapultieren',NULL,5,1,NULL,1,NULL,NULL,NULL,NULL,'j','1J14.01','Teamwork'),(320,'29468f1c7a7a6550eff3b947b063d132','Katapultieren',NULL,5,1,NULL,1,NULL,NULL,NULL,NULL,'j','1J14.02','Teamwork'),(321,'cc976a9841a6d8d31dee71560f3db4cb','Katapultieren',NULL,5,1,NULL,1,NULL,NULL,NULL,NULL,'j','1J14.03','Teamwork'),(322,'b12cad1eb1a544edac824542fea97cea','Katapultieren',NULL,5,1,NULL,1,NULL,NULL,NULL,NULL,'j','1J14.04','Teamwork'),(323,'c0f404836122bc3cc2a0ffb641698cd6','Knoten binden',NULL,5,1,NULL,1,NULL,NULL,NULL,NULL,'j','1J15.01','Halstuchknoten'),(324,'53c73703f2714eb30b86c1780ce5edad','Knoten binden',NULL,5,1,NULL,1,NULL,NULL,NULL,NULL,'j','1J15.02','Halstuchknoten'),(325,'e4c33514bbd37116703ee740b473f327','Knoten binden',NULL,5,1,NULL,1,NULL,NULL,NULL,NULL,'j','1J15.03','Halstuchknoten'),(326,'944f1b35bb8536eea3dea0a2a6dc791d','Knoten binden',NULL,5,1,NULL,1,NULL,NULL,NULL,NULL,'j','1J15.04','Halstuchknoten'),(327,'a87b77757a020a029e38d0b9fb817d63','Knoten binden',NULL,5,1,NULL,1,NULL,NULL,NULL,NULL,'j','1J15.05','Halstuchknoten'),(328,'4f7b60d2b4f04e91c439897b052820d9','Knoten binden',NULL,5,1,NULL,1,NULL,NULL,NULL,NULL,'j','1J15.06','Halstuchknoten'),(329,'6bd1968bf1aa6efd8ef9f21fa762dfaf','Lieder gurgeln',NULL,5,1,NULL,1,NULL,NULL,NULL,NULL,'j','1J16.01',''),(330,'e3c14c631f122bb35036963b514bb742','Lieder gurgeln',NULL,5,1,NULL,1,NULL,NULL,NULL,NULL,'j','1J16.02',''),(331,'2a6f5ee37828594935ceae08857f5d40','Lieder gurgeln',NULL,5,1,NULL,1,NULL,NULL,NULL,NULL,'j','1J16.03',''),(332,'958f4616536b596e5e3277606e0d44f5','Lieder gurgeln',NULL,5,1,NULL,1,NULL,NULL,NULL,NULL,'j','1J16.04',''),(333,'0632e383c0d1eff7fc5d419cc5ed3675','Lieder gurgeln',NULL,5,1,NULL,1,NULL,NULL,NULL,NULL,'j','1J16.05',''),(334,'d010e65f87ad4f9ca1bc0bab98d115a0','Lieder gurgeln',NULL,5,1,NULL,1,NULL,NULL,NULL,NULL,'j','1J16.06',''),(335,'62da69545ce931d33b38406b4a2b2ecb','Memory',NULL,5,1,NULL,1,NULL,NULL,NULL,NULL,'j','1J17.01',''),(336,'9c6e361c6caa0806ecbf3f98f0f2dc0e','Memory',NULL,5,1,NULL,1,NULL,NULL,NULL,NULL,'j','1J17.02',''),(337,'96de642e0e8f6d27a89a2a7a27e8eb18','Memory',NULL,5,1,NULL,1,NULL,NULL,NULL,NULL,'j','1J17.03',''),(338,'d85c99c2c3dda248527c8f7da1fd78a1','Memory',NULL,5,1,NULL,1,NULL,NULL,NULL,NULL,'j','1J17.04',''),(339,'fa456ac03dcb41b61116d49bb7fb981c','Minutenspiel',NULL,5,1,NULL,1,NULL,NULL,NULL,NULL,'j','1J18.01',''),(340,'daa05e08160838f0067d650c64e8c86e','Minutenspiel',NULL,5,1,NULL,1,NULL,NULL,NULL,NULL,'j','1J18.02',''),(341,'f45dc75fa3b7462070d47d0d419e854f','Minutenspiel',NULL,5,1,NULL,1,NULL,NULL,NULL,NULL,'j','1J18.03',''),(342,'15395a995e0934f0fd0f8b9f2b7a7b2f','Minutenspiel',NULL,5,1,NULL,1,NULL,NULL,NULL,NULL,'j','1J18.04',''),(343,'59c59ddc5a6280b93618b8f7e6477d56','Murmelbahn',NULL,5,1,NULL,1,NULL,NULL,NULL,NULL,'j','1J19.01',''),(344,'8a7c45491d0807038fa06269971a203b','Murmelbahn',NULL,5,1,NULL,1,NULL,NULL,NULL,NULL,'j','1J19.02',''),(345,'c444f8735c460a06f5a7e912c951b538','Murmelbahn',NULL,5,1,NULL,1,NULL,NULL,NULL,NULL,'j','1J19.03',''),(346,'30d0b736bcb9a622b208e39f3902c7b1','Murmelbahn',NULL,5,1,NULL,1,NULL,NULL,NULL,NULL,'j','1J19.04',''),(347,'ddb32a1d3d46e6382b216c8d572b83da','Münzen raten',NULL,5,1,NULL,1,NULL,NULL,NULL,NULL,'j','1J20.01',''),(348,'1d99cc382a6ee6bba62117aec8812a59','Münzen raten',NULL,5,1,NULL,1,NULL,NULL,NULL,NULL,'j','1J20.02',''),(349,'9d1fa0b71a7f05b5662f00b4dbbc4aa2','Münzen raten',NULL,5,1,NULL,1,NULL,NULL,NULL,NULL,'j','1J20.03',''),(350,'f56ae28fbbb0cb9c5f2f7f10a1b6de2d','Münzen raten',NULL,5,1,NULL,1,NULL,NULL,NULL,NULL,'j','1J20.04',''),(351,'a0a81bcf73c3d60e3598e979d6111b2b','Packesel',NULL,5,1,NULL,1,NULL,NULL,NULL,NULL,'j','1J21.01',''),(352,'1236e0ae47d98ddf5c09dc8541990233','Packesel',NULL,5,1,NULL,1,NULL,NULL,NULL,NULL,'j','1J21.02',''),(353,'09959c87e0a399ef1e24e2e77325bd87','Packesel',NULL,5,1,NULL,1,NULL,NULL,NULL,NULL,'j','1J21.03',''),(354,'8b7f9f298bc0122fff370784287d91b8','Packesel',NULL,5,1,NULL,1,NULL,NULL,NULL,NULL,'j','1J21.04',''),(355,'899c05686be0272913b12bbb7e963901','Pferd und Reiter',NULL,5,1,NULL,1,NULL,NULL,NULL,NULL,'j','1J22.01',''),(356,'d7037de8fb57bf643c0ee61dbe57b082','Pferd und Reiter',NULL,5,1,NULL,1,NULL,NULL,NULL,NULL,'j','1J22.02',''),(357,'2d479e1a53b47750db5e5e3eeea54434','Pferd und Reiter',NULL,5,1,NULL,1,NULL,NULL,NULL,NULL,'j','1J22.03',''),(358,'adab7e2060aa17afb276b7d34a2f65e5','Pferd und Reiter',NULL,5,1,NULL,1,NULL,NULL,NULL,NULL,'j','1J22.04',''),(359,'b1fff6388e61eef664fa1f584441d445','Pferd und Reiter',NULL,5,1,NULL,1,NULL,NULL,NULL,NULL,'j','1J22.05',''),(360,'d6e653dde16d33070faecf950deed973','Spitz pass auf!',NULL,5,1,NULL,1,NULL,NULL,NULL,NULL,'j','1J23.01',''),(361,'a7796dd8be5f8408c499509c176d3ac6','Spitz pass auf!',NULL,5,1,NULL,1,NULL,NULL,NULL,NULL,'j','1J23.02',''),(362,'e848333d0d6cc7a1d88d059dc2310563','Spitz pass auf!',NULL,5,1,NULL,1,NULL,NULL,NULL,NULL,'j','1J23.03',''),(363,'142c737f2b70c86c4a646719835e8173','Spitz pass auf!',NULL,5,1,NULL,1,NULL,NULL,NULL,NULL,'j','1J23.04',''),(364,'5da0f1eb5ee6d23b1177e997984a8d7f','Steine flitschen',NULL,5,1,NULL,1,NULL,NULL,NULL,NULL,'j','1J24.01',''),(365,'40fc1d5b0746781a88b17383048ab02c','Steine flitschen',NULL,5,1,NULL,1,NULL,NULL,NULL,NULL,'j','1J24.02',''),(366,'d4cebc3c01683f976b39938c9c44f6bd','Steine flitschen',NULL,5,1,NULL,1,NULL,NULL,NULL,NULL,'j','1J24.03',''),(367,'6969036d733f8c1c98c7987d5c7bb23a','Steine flitschen',NULL,5,1,NULL,1,NULL,NULL,NULL,NULL,'j','1J24.04',''),(368,'602a91a884c1c6a6924e01b167b448ee','Sägewerk',NULL,5,1,NULL,1,NULL,NULL,NULL,NULL,'j','1J25.01',''),(369,'120b43ccff7eab1ed55c0e39f5b40c00','Sägewerk',NULL,5,1,NULL,1,NULL,NULL,NULL,NULL,'j','1J25.02',''),(370,'eda2d464c74f85119e87a6c0ee17b93e','Sägewerk',NULL,5,1,NULL,1,NULL,NULL,NULL,NULL,'j','1J25.03',''),(371,'a66e4173b6003fdefa85fd66bc138ac5','Sägewerk',NULL,5,1,NULL,1,NULL,NULL,NULL,NULL,'j','1J25.04',''),(372,'2e5047468ea7e7aa138c3804ee18fe49','Tonleiter bauen',NULL,5,1,NULL,1,NULL,NULL,NULL,NULL,'j','1J26.01','Flaschenmusik'),(373,'16a5a576cd4717725f7ff3a7f8e8fae0','Tonleiter bauen',NULL,5,1,NULL,1,NULL,NULL,NULL,NULL,'j','1J26.02','Flaschenmusik'),(374,'81dc89396d958e05d1294e1a72b2fd65','Tonleiter bauen',NULL,5,1,NULL,1,NULL,NULL,NULL,NULL,'j','1J26.03','Flaschenmusik'),(375,'20bea065325f2df26ef1c5a16184fdc8','Tonleiter bauen',NULL,5,1,NULL,1,NULL,NULL,NULL,NULL,'j','1J26.04','Flaschenmusik'),(376,'43307e9e7dc55b0ec80bbdcd4b0a6b7c','Ubongo',NULL,5,1,NULL,1,NULL,NULL,NULL,NULL,'j','1J27.01',''),(377,'6621039f1cb79a874de2572c255fb463','Ubongo',NULL,5,1,NULL,1,NULL,NULL,NULL,NULL,'j','1J27.02',''),(378,'263829436f85d61d0921211fbcead1d7','Ubongo',NULL,5,1,NULL,1,NULL,NULL,NULL,NULL,'j','1J27.03',''),(379,'78f493185446a0224499e0ebcb61382a','Ubongo',NULL,5,1,NULL,1,NULL,NULL,NULL,NULL,'j','1J27.04',''),(380,'9f987f20ea62990087205610a2f75c6a','Wer bist du?',NULL,5,1,NULL,1,NULL,NULL,NULL,NULL,'j','1J28.01','Homer Simpson'),(381,'dc235fd676130a8262721c0cedb0f6db','Wer bist du?',NULL,5,1,NULL,1,NULL,NULL,NULL,NULL,'j','1J28.02','Homer Simpson'),(382,'398b4f66d66cdd0bd53feff65b737e79','Wer bist du?',NULL,5,1,NULL,1,NULL,NULL,NULL,NULL,'j','1J28.03','Homer Simpson'),(383,'987bfb905cff05c3e0d18d7dd7366323','Wer bist du?',NULL,5,1,NULL,1,NULL,NULL,NULL,NULL,'j','1J28.04','Homer Simpson'),(384,'e9675328dcae5204bd24e0401b2c8f95','Wer oder was bin ich?',NULL,5,1,NULL,1,NULL,NULL,NULL,NULL,'j','1J29.01',''),(385,'a1baed56bd0eb1bf8dbdaf474152dd0a','Wer oder was bin ich?',NULL,5,1,NULL,1,NULL,NULL,NULL,NULL,'j','1J29.02',''),(386,'204ea11953ce3926a581ae78e034a40d','Wer oder was bin ich?',NULL,5,1,NULL,1,NULL,NULL,NULL,NULL,'j','1J29.03',''),(387,'9a821b74891505fd06485fb4cabf1762','Wer oder was bin ich?',NULL,5,1,NULL,1,NULL,NULL,NULL,NULL,'j','1J29.04',''),(388,'cce48b77fa343936ff07072d1cefc2bf','Wer oder was bin ich?',NULL,5,1,NULL,1,NULL,NULL,NULL,NULL,'j','1J29.05',''),(389,'675328932ac2d765ef633d795ddf9a72','Wer oder was bin ich?',NULL,5,1,NULL,1,NULL,NULL,NULL,NULL,'j','1J29.06',''),(390,'fb9d7fbdbc73baf35de48bd0c1dad7d1','Wer oder was bin ich?',NULL,5,1,NULL,1,NULL,NULL,NULL,NULL,'j','1J29.07',''),(391,'f34860b322f4bc14dd810fa1d95a00b2','Wer oder was bin ich?',NULL,5,1,NULL,1,NULL,NULL,NULL,NULL,'j','1J29.08',''),(392,'fbc8b5c808f9ed0a66079e213b03a041','Blechdosen balancieren',NULL,5,1,NULL,1,NULL,NULL,NULL,NULL,'p','1P01.01',''),(393,'18483bf283c46ccea946da125887fed2','Blechdosen balancieren',NULL,5,1,NULL,1,NULL,NULL,NULL,NULL,'p','1P01.02',''),(394,'7c81bec2b1d9ecf086167beb5803efc4','Blechdosen balancieren',NULL,5,1,NULL,1,NULL,NULL,NULL,NULL,'p','1P01.03',''),(395,'6082f1cc12a32fe5598ca1f5ec20fe2c','Blechdosen balancieren',NULL,5,1,NULL,1,NULL,NULL,NULL,NULL,'p','1P01.04',''),(396,'c0a6d27b3f6dcc18c451159f342dddaf','Blechdosen balancieren',NULL,5,1,NULL,1,NULL,NULL,NULL,NULL,'p','1P01.05',''),(397,'36c1e2a6cd011bf0d5ba681c7cbe1693','Bottleflip',NULL,5,1,NULL,1,NULL,NULL,NULL,NULL,'p','1P02.01',''),(398,'88386baadfd4e829ace6d0021a619d28','Bottleflip',NULL,5,1,NULL,1,NULL,NULL,NULL,NULL,'p','1P02.02',''),(399,'0c2856082616765b5a4d27e891f5afbd','Bottleflip',NULL,5,1,NULL,1,NULL,NULL,NULL,NULL,'p','1P02.03',''),(400,'c7943617e2824d345b70703098bd440f','Bottleflip',NULL,5,1,NULL,1,NULL,NULL,NULL,NULL,'p','1P02.04',''),(401,'366fe538a029d73d568969055710a670','Bottleflip',NULL,5,1,NULL,1,NULL,NULL,NULL,NULL,'p','1P02.05',''),(402,'ed32b2a367313a0b71e80542ab34b90b','Die Höhe eines Baumes bestimmen',NULL,5,1,NULL,1,NULL,NULL,NULL,NULL,'p','1P03.01',''),(403,'986340326fe1993d0905979466d175f0','Die Höhe eines Baumes bestimmen',NULL,5,1,NULL,1,NULL,NULL,NULL,NULL,'p','1P03.02',''),(404,'ce961c58493571fd20fa12d0d326aa32','Die Höhe eines Baumes bestimmen',NULL,5,1,NULL,1,NULL,NULL,NULL,NULL,'p','1P03.03',''),(405,'b3b5948ba29798397f8cd8cfe29834bf','Die Höhe eines Baumes bestimmen',NULL,5,1,NULL,1,NULL,NULL,NULL,NULL,'p','1P03.04',''),(406,'7bfa550b7dc1e3859707a395f322d1e2','Die Höhe eines Baumes bestimmen',NULL,5,1,NULL,1,NULL,NULL,NULL,NULL,'p','1P03.05',''),(407,'5d52b6db6dfa578dfc5fc78cb2dbb423','Dosenkick-Dart',NULL,5,1,NULL,1,NULL,NULL,NULL,NULL,'p','1P04.01','Vierzig'),(408,'f8f9521a0b050c60e5fba51c4e113337','Dosenkick-Dart',NULL,5,1,NULL,1,NULL,NULL,NULL,NULL,'p','1P04.02','Vierzig'),(409,'9bede67cf908fdf04a64f81ce7182170','Dosenkick-Dart',NULL,5,1,NULL,1,NULL,NULL,NULL,NULL,'p','1P04.03','Vierzig'),(410,'03abef8d40a621a8b5fc3e4a5fbb5cc8','Dosenkick-Dart',NULL,5,1,NULL,1,NULL,NULL,NULL,NULL,'p','1P04.04','Vierzig'),(411,'869acffc48dd8e88661e5ce0e6d653bc','Dosenkick-Dart',NULL,5,1,NULL,1,NULL,NULL,NULL,NULL,'p','1P04.05','Vierzig'),(412,'c55a44841ee4bf6edaa04c89949fd54d','Dreiecke suchen',NULL,5,1,NULL,1,NULL,NULL,NULL,NULL,'p','1P05.01',''),(413,'649cd95b5a76906df8e070be7649c82e','Dreiecke suchen',NULL,5,1,NULL,1,NULL,NULL,NULL,NULL,'p','1P05.02',''),(414,'7a8d8862e8fc0b19c4a93b624da82b8b','Dreiecke suchen',NULL,5,1,NULL,1,NULL,NULL,NULL,NULL,'p','1P05.03',''),(415,'372cf0628206d841328049c830ed4b3f','Dreiecke suchen',NULL,5,1,NULL,1,NULL,NULL,NULL,NULL,'p','1P05.04',''),(416,'0022f21528d5dd520d2e143737cb5c83','Dreiecke suchen',NULL,5,1,NULL,1,NULL,NULL,NULL,NULL,'p','1P05.05',''),(417,'e8c9c261709318b9a3e096ea84203112','Erbsen schätzen',NULL,5,1,NULL,1,NULL,NULL,NULL,NULL,'p','1P06.01',''),(418,'0825b901f4c625feac22ed2511120597','Erbsen schätzen',NULL,5,1,NULL,1,NULL,NULL,NULL,NULL,'p','1P06.02',''),(419,'2255970bd18eba4c458152939fb7c07e','Erbsen schätzen',NULL,5,1,NULL,1,NULL,NULL,NULL,NULL,'p','1P06.03',''),(420,'48638cd699cdef56aac8beec46c7033a','Erbsen schätzen',NULL,5,1,NULL,1,NULL,NULL,NULL,NULL,'p','1P06.04',''),(421,'68d579f5f9ae489a4b8b0720694f41f7','Erbsen schätzen',NULL,5,1,NULL,1,NULL,NULL,NULL,NULL,'p','1P06.05',''),(422,'e4115a369c653442a1be9f12b0e206fd','Falscher Fuffziger',NULL,5,1,NULL,1,NULL,NULL,NULL,NULL,'p','1P07.01',''),(423,'9dcbcccb8300e98da6c1e5c5c6568b3b','Falscher Fuffziger',NULL,5,1,NULL,1,NULL,NULL,NULL,NULL,'p','1P07.02',''),(424,'d8dc61f24ef821572be3f254a74a430a','Falscher Fuffziger',NULL,5,1,NULL,1,NULL,NULL,NULL,NULL,'p','1P07.03',''),(425,'608340f53a580d037ae6fd529d89c00e','Falscher Fuffziger',NULL,5,1,NULL,1,NULL,NULL,NULL,NULL,'p','1P07.04',''),(426,'6e783389d35d19d289d924e2e8a64a1e','Falscher Fuffziger',NULL,5,1,NULL,1,NULL,NULL,NULL,NULL,'p','1P07.05',''),(427,'691b6bf75e139409cfc3dc3ad982539c','Flaggen erkennen',NULL,5,1,NULL,1,NULL,NULL,NULL,NULL,'p','1P08.01',''),(428,'17adffa5a9293c86154b998702680ae3','Flaggen erkennen',NULL,5,1,NULL,1,NULL,NULL,NULL,NULL,'p','1P08.02',''),(429,'968a03e80c031b5c70dc271822b345e6','Flaggen erkennen',NULL,5,1,NULL,1,NULL,NULL,NULL,NULL,'p','1P08.03',''),(430,'29f189baa2327556ab0d78d5c778714b','Flaggen erkennen',NULL,5,1,NULL,1,NULL,NULL,NULL,NULL,'p','1P08.04',''),(431,'25b57bd385053376678bcaf2de38bf70','Flaggen erkennen',NULL,5,1,NULL,1,NULL,NULL,NULL,NULL,'p','1P08.05',''),(432,'29502eebf6a68075210e6d8310615c31','Flaggen erkennen',NULL,5,1,NULL,1,NULL,NULL,NULL,NULL,'p','1P08.06',''),(433,'8902a225cd5ba99c20bdc8da910a9889','Flaggen erkennen',NULL,5,1,NULL,1,NULL,NULL,NULL,NULL,'p','1P08.07',''),(434,'462aaaf5757a0014bb1db484cf08925e','Flaggen erkennen',NULL,5,1,NULL,1,NULL,NULL,NULL,NULL,'p','1P08.08',''),(435,'2e946649c1547ad995ec2e64e0da0a7e','Gegenstände merken',NULL,5,1,NULL,1,NULL,NULL,NULL,NULL,'p','1P09.01',''),(436,'1fa3b7f26dca6cd34f71b47f11ce4e40','Gegenstände merken',NULL,5,1,NULL,1,NULL,NULL,NULL,NULL,'p','1P09.02',''),(437,'c445e747596789af2a1119a18de4e0ba','Geheimschrift',NULL,5,1,NULL,1,NULL,NULL,NULL,NULL,'p','1P10.01','Dioezesanlager'),(438,'46ab3012aa5bd4ea77d43e135ed98d06','Geheimschrift',NULL,5,1,NULL,1,NULL,NULL,NULL,NULL,'p','1P10.02','Dioezesanlager'),(439,'f81abfd2ed563dba0bd78ce4762a506d','Geheimschrift',NULL,5,1,NULL,1,NULL,NULL,NULL,NULL,'p','1P10.03','Dioezesanlager'),(440,'a84d23b21396df25023d8c3768de87fe','Geheimschrift',NULL,5,1,NULL,1,NULL,NULL,NULL,NULL,'p','1P10.04','Dioezesanlager'),(441,'d08c97c40db37586ed976f544747cef8','Geheimschrift',NULL,5,1,NULL,1,NULL,NULL,NULL,NULL,'p','1P10.05','Dioezesanlager'),(442,'238ff27caad4e0e62c6cc9b0d7a028c3','Geheimschrift',NULL,5,1,NULL,1,NULL,NULL,NULL,NULL,'p','1P10.06','Dioezesanlager'),(443,'362dbe6661a8270cf8aa56f0e3956a7e','Geheimschrift',NULL,5,1,NULL,1,NULL,NULL,NULL,NULL,'p','1P10.07','Dioezesanlager'),(444,'de63cfb5829a7164912e88a085b6308b','Geheimschrift',NULL,5,1,NULL,1,NULL,NULL,NULL,NULL,'p','1P10.08','Dioezesanlager'),(445,'5f8ef21bed524511bf8b7f32a5895f80','Geruchsmemory',NULL,5,1,NULL,1,NULL,NULL,NULL,NULL,'p','1P11.01','Spürnase'),(446,'5fb9a40e83abb1170c3d8c2d886739d5','Geruchsmemory',NULL,5,1,NULL,1,NULL,NULL,NULL,NULL,'p','1P11.02','Spürnase'),(447,'a2c9f9985071e46a054dcd54a7aba8fa','Geruchsmemory',NULL,5,1,NULL,1,NULL,NULL,NULL,NULL,'p','1P11.03','Spürnase'),(448,'090bf72bc6a10dd0a17af40943fcf1d3','Geruchsmemory',NULL,5,1,NULL,1,NULL,NULL,NULL,NULL,'p','1P11.04','Spürnase'),(449,'35e67135d2e5ecf55c2aecf3f9d129ca','Knoten aus Seilen',NULL,5,1,NULL,1,NULL,NULL,NULL,NULL,'p','1P12.01',''),(450,'b72593e593548d8262a0a8b912a211e8','Knoten aus Seilen',NULL,5,1,NULL,1,NULL,NULL,NULL,NULL,'p','1P12.02',''),(451,'f63da0d1bae63209ce881cf0cc650b00','Knoten aus Seilen',NULL,5,1,NULL,1,NULL,NULL,NULL,NULL,'p','1P12.03',''),(452,'770d685dcd6e87c0f329795f0cadf933','Knoten aus Seilen',NULL,5,1,NULL,1,NULL,NULL,NULL,NULL,'p','1P12.04',''),(453,'1ff169982cc977605d06169716cf7dca','Knoten aus Seilen',NULL,5,1,NULL,1,NULL,NULL,NULL,NULL,'p','1P12.05',''),(454,'d138032381ad2173e0be1453e78ee8a1','Knoten aus Seilen',NULL,5,1,NULL,1,NULL,NULL,NULL,NULL,'p','1P12.06',''),(455,'3f47a47557c1c408e70b7304f0eb274b','Memory',NULL,5,1,NULL,1,NULL,NULL,NULL,NULL,'p','1P13.01',''),(456,'3dc279a50d40e8c8abc428eea310ed20','Memory',NULL,5,1,NULL,1,NULL,NULL,NULL,NULL,'p','1P13.02',''),(457,'a7c9e497527fec5b91570f3076242d27','Memory',NULL,5,1,NULL,1,NULL,NULL,NULL,NULL,'p','1P13.03',''),(458,'4c9215c6815ff400e5bc838fe6e3d073','Memory',NULL,5,1,NULL,1,NULL,NULL,NULL,NULL,'p','1P13.04',''),(459,'7e38e8b3c32714adc264ec70394d555f','Minutenspiel',NULL,5,1,NULL,1,NULL,NULL,NULL,NULL,'p','1P14.01',''),(460,'82c0136bbadb541a6d5a2626645332d4','Minutenspiel',NULL,5,1,NULL,1,NULL,NULL,NULL,NULL,'p','1P14.02',''),(461,'7d90bd0a43350d8f5abe2184eba53e84','Minutenspiel',NULL,5,1,NULL,1,NULL,NULL,NULL,NULL,'p','1P14.03',''),(462,'5ba39ea0a0f39b745181784091344376','Minutenspiel',NULL,5,1,NULL,1,NULL,NULL,NULL,NULL,'p','1P14.04',''),(463,'ff36f33b7d2020a6c803aa7caa68a7c5','Minutenspiel',NULL,5,1,NULL,1,NULL,NULL,NULL,NULL,'p','1P14.05',''),(464,'0620d0c9e9689a6bafbae803328da383','Münzen raten',NULL,5,1,NULL,1,NULL,NULL,NULL,NULL,'p','1P15.01',''),(465,'1f694111678176cda421432c2a472c9a','Münzen raten',NULL,5,1,NULL,1,NULL,NULL,NULL,NULL,'p','1P15.02',''),(466,'075da1518796dc88584650a34dbbbf94','Münzen raten',NULL,5,1,NULL,1,NULL,NULL,NULL,NULL,'p','1P15.03',''),(467,'1c7f5dc39816f654d4e20afe63c5fb2a','Münzen raten',NULL,5,1,NULL,1,NULL,NULL,NULL,NULL,'p','1P15.04',''),(468,'221da27baf253e20f4c3ac78427bfd96','Packesel',NULL,5,1,NULL,1,NULL,NULL,NULL,NULL,'p','1P16.01',''),(469,'76bdcac7eba865e24bda4f72e8d5034e','Packesel',NULL,5,1,NULL,1,NULL,NULL,NULL,NULL,'p','1P16.02',''),(470,'2b052bed02e42d8048d45a870e3f6f4e','Packesel',NULL,5,1,NULL,1,NULL,NULL,NULL,NULL,'p','1P16.03',''),(471,'30684f3ca764ce9de4e5abb8547fd7f7','Packesel',NULL,5,1,NULL,1,NULL,NULL,NULL,NULL,'p','1P16.04',''),(472,'62e8948de0acf730cdb3869331f8d33b','Pfadfinder weltweit',NULL,5,1,NULL,1,NULL,NULL,NULL,NULL,'p','1P17.01',''),(473,'f57c093e74daa36c1340a9c4d07175e3','Pfadfinder weltweit',NULL,5,1,NULL,1,NULL,NULL,NULL,NULL,'p','1P17.02',''),(474,'06116a5aca7c764d0857f31cff10fc53','Pfadfinder weltweit',NULL,5,1,NULL,1,NULL,NULL,NULL,NULL,'p','1P17.03',''),(475,'0244c602c6c559b56426af7b4dc4e5b5','Pfadfinder weltweit',NULL,5,1,NULL,1,NULL,NULL,NULL,NULL,'p','1P17.04',''),(476,'c15580a7708b3dd7e290e729eb9317a2','Pfadfinder weltweit',NULL,5,1,NULL,1,NULL,NULL,NULL,NULL,'p','1P17.05',''),(477,'3ded79e8c1f91f0b3afef2b58f97e4d1','Pfadfinder weltweit',NULL,5,1,NULL,1,NULL,NULL,NULL,NULL,'p','1P17.06',''),(478,'8c2c64cd0b5ca5b0aa93da87b014c498','Wer oder was bin ich?',NULL,5,1,NULL,1,NULL,NULL,NULL,NULL,'p','1P18.01',''),(479,'c71af78c39408217379e107c5db8f0f5','Wer oder was bin ich?',NULL,5,1,NULL,1,NULL,NULL,NULL,NULL,'p','1P18.02',''),(480,'38794e07bc42604a2622c4da9bd9b452','Wer oder was bin ich?',NULL,5,1,NULL,1,NULL,NULL,NULL,NULL,'p','1P18.03',''),(481,'95716629f9b8c8302d3272ef8a911ece','Wer oder was bin ich?',NULL,5,1,NULL,1,NULL,NULL,NULL,NULL,'p','1P18.04',''),(482,'276b529dce2b0086ae635eb1c38ecce4','Wer oder was bin ich?',NULL,5,1,NULL,1,NULL,NULL,NULL,NULL,'p','1P18.05',''),(483,'d13a005ccf0953ba2a3452899fdd9f31','Wer oder was bin ich?',NULL,5,1,NULL,1,NULL,NULL,NULL,NULL,'p','1P18.06',''),(484,'b51e76f9d5f83ad3c9d083c683a4c111','Wer oder was bin ich?',NULL,5,1,NULL,1,NULL,NULL,NULL,NULL,'p','1P18.07',''),(485,'39c5a5abd2e40fa68d78a2825ef7140b','Wer oder was bin ich?',NULL,5,1,NULL,1,NULL,NULL,NULL,NULL,'p','1P18.08',''),(486,'97692daff1e86df0ec101cabeae8bfb6','Streichholzrätsel',NULL,5,1,NULL,1,NULL,NULL,NULL,NULL,'p','1P19.01',''),(487,'d57cceb117b0f1959927d095f5e8aa07','Streichholzrätsel',NULL,5,1,NULL,1,NULL,NULL,NULL,NULL,'p','1P19.02',''),(488,'eb931b3d161ae67e363f10d8f1ff3e95','Streichholzrätsel',NULL,5,1,NULL,1,NULL,NULL,NULL,NULL,'p','1P19.03',''),(489,'8e5e68a909fef07a452c14cd63859386','Streichholzrätsel',NULL,5,1,NULL,1,NULL,NULL,NULL,NULL,'p','1P19.04',''),(490,'ea99749db2c7599fa7e352dbf0120af7','Streichholzrätsel',NULL,5,1,NULL,1,NULL,NULL,NULL,NULL,'p','1P19.05',''),(491,'ac5f4492a22375b4349a0b5f102c1aea','Streichholzrätsel',NULL,5,1,NULL,1,NULL,NULL,NULL,NULL,'p','1P19.06',''),(492,'d09c2f493d198dc4e27da74b15e82055','Flaggen erkennen',NULL,5,1,NULL,1,NULL,NULL,NULL,NULL,'r','1R01.01',''),(493,'8a83fab6febe1861902928316278335d','Flaggen erkennen',NULL,5,1,NULL,1,NULL,NULL,NULL,NULL,'r','1R01.02',''),(494,'3cfdce0e5d7792acfdf2c757d5d39006','Flaggen erkennen',NULL,5,1,NULL,1,NULL,NULL,NULL,NULL,'r','1R01.03',''),(495,'bfbb5eac7bf661763d22ef33ce1938d6','Flaggen erkennen',NULL,5,1,NULL,1,NULL,NULL,NULL,NULL,'r','1R01.04',''),(496,'0595a296694e9d80316b16dd6df3bdd8','Flaggen erkennen',NULL,5,1,NULL,1,NULL,NULL,NULL,NULL,'r','1R01.05',''),(497,'ec2d93bcd315d9abd5f1dbf2298e42d5','Flaggen erkennen',NULL,5,1,NULL,1,NULL,NULL,NULL,NULL,'r','1R01.06',''),(498,'8c367c72ec91a3363be3f7f8c6575fc3','Flaggen erkennen',NULL,5,1,NULL,1,NULL,NULL,NULL,NULL,'r','1R01.07',''),(499,'fbbd296427f8d2f81cef72bdaa8cf66e','Flaggen erkennen',NULL,5,1,NULL,1,NULL,NULL,NULL,NULL,'r','1R01.08',''),(500,'2dafbd1a244822fe65dfcc3bb536a5ec','Flaggen erkennen',NULL,5,1,NULL,1,NULL,NULL,NULL,NULL,'r','1R01.09',''),(501,'c0852d1632b52749d0cfe271da1e07b4','Blechdosen balancieren',NULL,5,1,NULL,1,NULL,NULL,NULL,NULL,'r','1R02.01',''),(502,'3afcbb3f8f86e6f9b6960e8dda85f812','Blechdosen balancieren',NULL,5,1,NULL,1,NULL,NULL,NULL,NULL,'r','1R02.02',''),(503,'0ede28e261b9701d5e2ab240d3d83aed','Blechdosen balancieren',NULL,5,1,NULL,1,NULL,NULL,NULL,NULL,'r','1R02.03',''),(504,'33e5793f025f337081b549f031d435cb','Blechdosen balancieren',NULL,5,1,NULL,1,NULL,NULL,NULL,NULL,'r','1R02.04',''),(505,'e6ef1cc6bcb6333b354c33fb2ece9521','Blechdosen balancieren',NULL,5,1,NULL,1,NULL,NULL,NULL,NULL,'r','1R02.05',''),(506,'27d882ded973b5e5fda862a5e3d359f3','Blechdosen balancieren',NULL,5,1,NULL,1,NULL,NULL,NULL,NULL,'r','1R02.06',''),(507,'08b9c181f2d0646c9d0e43d6e25a5be7','Bottleflip',NULL,5,1,NULL,1,NULL,NULL,NULL,NULL,'r','1R03.01',''),(508,'a45dadaec7d054cd8a2b39b7334c89b8','Bottleflip',NULL,5,1,NULL,1,NULL,NULL,NULL,NULL,'r','1R03.02',''),(509,'55c41edcad6e3f3ded15c7d05da870ce','Bottleflip',NULL,5,1,NULL,1,NULL,NULL,NULL,NULL,'r','1R03.03',''),(510,'2b8988813faf7f946a48828abaa04711','Bottleflip',NULL,5,1,NULL,1,NULL,NULL,NULL,NULL,'r','1R03.04',''),(511,'e39080da784596c65c44557a39e391a9','Bottleflip',NULL,5,1,NULL,1,NULL,NULL,NULL,NULL,'r','1R03.05',''),(512,'d7324340d84c61ca44a0b727951b2adf','Bottleflip',NULL,5,1,NULL,1,NULL,NULL,NULL,NULL,'r','1R03.06',''),(513,'d3146fd30fedbad033c00b096dab6a98','Dosenkick-Dart',NULL,5,1,NULL,1,NULL,NULL,NULL,NULL,'r','1R04.01','Vierzig'),(514,'d32d3760a3b497ac34060e13da8df664','Dosenkick-Dart',NULL,5,1,NULL,1,NULL,NULL,NULL,NULL,'r','1R04.02','Vierzig'),(515,'d9433430b8760550238b5f73a8bf74ff','Dosenkick-Dart',NULL,5,1,NULL,1,NULL,NULL,NULL,NULL,'r','1R04.03','Vierzig'),(516,'97b3d37b15448793d6645aaf3741f46d','Dosenkick-Dart',NULL,5,1,NULL,1,NULL,NULL,NULL,NULL,'r','1R04.04','Vierzig'),(517,'9d8656fe3ca0e50376c50c74d51765f4','Dosenkick-Dart',NULL,5,1,NULL,1,NULL,NULL,NULL,NULL,'r','1R04.05','Vierzig'),(518,'15742dcecc883815a0ac3eb53e80ec2e','Dreiecke suchen',NULL,5,1,NULL,1,NULL,NULL,NULL,NULL,'r','1R05.01',''),(519,'c4c7f0a3e24473fe1c436673e25f8afc','Dreiecke suchen',NULL,5,1,NULL,1,NULL,NULL,NULL,NULL,'r','1R05.02',''),(520,'3980bbd85b87931758c725afbba260bf','Dreiecke suchen',NULL,5,1,NULL,1,NULL,NULL,NULL,NULL,'r','1R05.03',''),(521,'88f894e47edbe6aa01a1325e5f5ba061','Dreiecke suchen',NULL,5,1,NULL,1,NULL,NULL,NULL,NULL,'r','1R05.04',''),(522,'ec5b309b86b35fbe6536189eede1af6d','Falscher Fuffziger',NULL,5,1,NULL,1,NULL,NULL,NULL,NULL,'r','1R06.01',''),(523,'b5ff8ffc0af05931cc4c30b74efb227f','Falscher Fuffziger',NULL,5,1,NULL,1,NULL,NULL,NULL,NULL,'r','1R06.02',''),(524,'e0a976da1b07526b089c1d852d355393','Falscher Fuffziger',NULL,5,1,NULL,1,NULL,NULL,NULL,NULL,'r','1R06.03',''),(525,'8099d5c7c8b5c2c53b7a73f24904c198','Falscher Fuffziger',NULL,5,1,NULL,1,NULL,NULL,NULL,NULL,'r','1R06.04',''),(526,'46225022ca307cd1b2b6843ba9c3b4f0','Falscher Fuffziger',NULL,5,1,NULL,1,NULL,NULL,NULL,NULL,'r','1R06.05',''),(527,'e387f51a3704e281b575a23bd70a16b7','Gegenstände merken',NULL,5,1,NULL,1,NULL,NULL,NULL,NULL,'r','1R07.01',''),(528,'c52e58f79ac6c9c7296804036049308c','Gegenstände merken',NULL,5,1,NULL,1,NULL,NULL,NULL,NULL,'r','1R07.02',''),(529,'6590e1f1349edd1a9f7da8a69b67bb96','Gegenstände merken',NULL,5,1,NULL,1,NULL,NULL,NULL,NULL,'r','1R07.03',''),(530,'855e83a6527e50325bc725135fd931f5','Geheimschrift',NULL,5,1,NULL,1,NULL,NULL,NULL,NULL,'r','1R08.01','Flugplatz Wesel-Roemerwardt'),(531,'60972caefdc969a536bc2fab89e69136','Geheimschrift',NULL,5,1,NULL,1,NULL,NULL,NULL,NULL,'r','1R08.02','Flugplatz Wesel-Roemerwardt'),(532,'d23a7208874354c6a73456811c0c2b8f','Geheimschrift',NULL,5,1,NULL,1,NULL,NULL,NULL,NULL,'r','1R08.03','Flugplatz Wesel-Roemerwardt'),(533,'669efe53497c59aa80f92190c0c770d6','Geheimschrift',NULL,5,1,NULL,1,NULL,NULL,NULL,NULL,'r','1R08.04','Flugplatz Wesel-Roemerwardt'),(534,'df1284458fef670cce77016579c14417','Geheimschrift',NULL,5,1,NULL,1,NULL,NULL,NULL,NULL,'r','1R08.05','Flugplatz Wesel-Roemerwardt'),(535,'c2e7bc59929b61b595bcca9d133392da','Geheimschrift',NULL,5,1,NULL,1,NULL,NULL,NULL,NULL,'r','1R08.06','Flugplatz Wesel-Roemerwardt'),(536,'3f2b95ca785cb4775a88cd50c95d5f95','Tonleiter bauen',NULL,5,1,NULL,1,NULL,NULL,NULL,NULL,'r','1R09.01','Flaschenmusik'),(537,'7f9d3a0e345fedc96d2dddf776dbc26f','Tonleiter bauen',NULL,5,1,NULL,1,NULL,NULL,NULL,NULL,'r','1R09.02','Flaschenmusik'),(538,'1d31c9118c1ad5979c77aad60ce0430c','Tonleiter bauen',NULL,5,1,NULL,1,NULL,NULL,NULL,NULL,'r','1R09.03','Flaschenmusik'),(539,'c4a3ed5313b1f96088986d9207266a19','Tonleiter bauen',NULL,5,1,NULL,1,NULL,NULL,NULL,NULL,'r','1R09.04','Flaschenmusik'),(540,'0ddb48c09f54999e9adc9345928c9b2d','Packesel',NULL,5,1,NULL,1,NULL,NULL,NULL,NULL,'r','1R10.01',''),(541,'81593010483229ddab21946cba1257e6','Packesel',NULL,5,1,NULL,1,NULL,NULL,NULL,NULL,'r','1R10.02',''),(542,'e8680124852e67959293116a6550de90','Packesel',NULL,5,1,NULL,1,NULL,NULL,NULL,NULL,'r','1R10.03',''),(543,'97d65eb139eb8968860a8d30e6613755','Packesel',NULL,5,1,NULL,1,NULL,NULL,NULL,NULL,'r','1R10.04',''),(544,'1e489028e3e785a3813f108fb8d47a02','Minutenspiel',NULL,5,1,NULL,1,NULL,NULL,NULL,NULL,'r','1R11.01',''),(545,'5468137fa1b4eea50f3a7344ee4a31b2','Minutenspiel',NULL,5,1,NULL,1,NULL,NULL,NULL,NULL,'r','1R11.02',''),(546,'c8104dc9656a1c1eb6dd74e81912b1c5','Minutenspiel',NULL,5,1,NULL,1,NULL,NULL,NULL,NULL,'r','1R11.03',''),(547,'e3e2b9249a90cba6e815d9428e02151b','Minutenspiel',NULL,5,1,NULL,1,NULL,NULL,NULL,NULL,'r','1R11.04',''),(548,'d79db3e520ac6e6b3b32b40e9ce1818f','Wer oder was bin ich?',NULL,5,1,NULL,1,NULL,NULL,NULL,NULL,'r','1R12.01',''),(549,'a8598ee37883cb2babc99909293d4d38','Wer oder was bin ich?',NULL,5,1,NULL,1,NULL,NULL,NULL,NULL,'r','1R12.02',''),(550,'ae46dbfa0484eef2303350878280ad82','Wer oder was bin ich?',NULL,5,1,NULL,1,NULL,NULL,NULL,NULL,'r','1R12.03',''),(551,'81b42013bcd023181fe7510506169b9b','Wer oder was bin ich?',NULL,5,1,NULL,1,NULL,NULL,NULL,NULL,'r','1R12.04',''),(552,'73849271a62cd3d81848456144365844','Wer oder was bin ich?',NULL,5,1,NULL,1,NULL,NULL,NULL,NULL,'r','1R12.05',''),(553,'854167a9124d966f48f1fa488165e758','Wer oder was bin ich?',NULL,5,1,NULL,1,NULL,NULL,NULL,NULL,'r','1R12.06',''),(554,'829f45c1033d50babfea04f781fa1dcc','Wer oder was bin ich?',NULL,5,1,NULL,1,NULL,NULL,NULL,NULL,'r','1R12.07',''),(555,'d02960fac6e51dda3442e9c29a0fcab4','Wer oder was bin ich?',NULL,5,1,NULL,1,NULL,NULL,NULL,NULL,'r','1R12.08',''),(556,'0e885ef655d84c0b907c57d0f8a90f2a','Wer oder was bin ich?',NULL,5,1,NULL,1,NULL,NULL,NULL,NULL,'r','1R12.09',''),(557,'27228fe60f8980d52c740fbb7aa63081','Münzen raten',NULL,5,1,NULL,1,NULL,NULL,NULL,NULL,'r','1R13.01',''),(558,'953a30c414b32c186337feae5b907439','Münzen raten',NULL,5,1,NULL,1,NULL,NULL,NULL,NULL,'r','1R13.02',''),(559,'e7f784d4919ff14569163cd97167779a','Münzen raten',NULL,5,1,NULL,1,NULL,NULL,NULL,NULL,'r','1R13.03',''),(560,'21e95850497e3f205a53e22b05f07ff2','Münzen raten',NULL,5,1,NULL,1,NULL,NULL,NULL,NULL,'r','1R13.04',''),(561,'43fa31ca58595178219eca47f47bd64c','Münzen raten',NULL,5,1,NULL,1,NULL,NULL,NULL,NULL,'r','1R13.05',''),(562,'0ad029763eb2f01375845eb37a9db75a','Münzen raten',NULL,5,1,NULL,1,NULL,NULL,NULL,NULL,'r','1R13.06',''),(563,'1e807ecf8348797be5697c1376656fe3','Münzen raten',NULL,5,1,NULL,1,NULL,NULL,NULL,NULL,'r','1R13.07',''),(564,'52c9a7735b4fa1925056d0c6baf8abc1','Münzen raten',NULL,5,1,NULL,1,NULL,NULL,NULL,NULL,'r','1R13.08',''),(565,'899a706686b80a65ab2ae44b02c8a0a6','Münzen raten',NULL,5,1,NULL,1,NULL,NULL,NULL,NULL,'r','1R13.09',''),(566,'d88e6c812a6bce500ce102a096624775','Knotenlösen',NULL,5,2,NULL,1,NULL,NULL,NULL,NULL,'w','2W01.01',''),(567,'a31ae6541d9a67a85e4bad8132da759c','Knotenlösen',NULL,5,2,NULL,1,NULL,NULL,NULL,NULL,'w','2W01.02',''),(568,'3c1967562ba2fd6ce7a903e770562cc2','Knotenlösen',NULL,5,2,NULL,1,NULL,NULL,NULL,NULL,'w','2W01.03',''),(569,'a16cd797ca6c1bc7e95b819a68c0c14e','Knotenlösen',NULL,5,2,NULL,1,NULL,NULL,NULL,NULL,'w','2W01.04',''),(570,'13e2a1e91c1083ac5b0195017a291858','Knotenlösen',NULL,5,2,NULL,1,NULL,NULL,NULL,NULL,'w','2W01.05',''),(571,'a4163f1e6f9a56213b004d2a8ec817f7','Knotenlösen',NULL,5,2,NULL,1,NULL,NULL,NULL,NULL,'w','2W01.06',''),(572,'54e924a6f693bc16fa79d46f0fc90b3f','Brainstorming',NULL,5,2,NULL,1,NULL,NULL,NULL,NULL,'w','2W02.01',''),(573,'9a849568fa75d386e273de48978ae260','Brainstorming',NULL,5,2,NULL,1,NULL,NULL,NULL,NULL,'w','2W02.02',''),(574,'efb8cf8194302664776f8e0327bed446','Brainstorming',NULL,5,2,NULL,1,NULL,NULL,NULL,NULL,'w','2W02.03',''),(575,'974ac1ee73246c267bf0b7d8c34371b4','Brainstorming',NULL,5,2,NULL,1,NULL,NULL,NULL,NULL,'w','2W02.04',''),(576,'1de2d8f64aef2e61b94a585123897d83','Brainstorming',NULL,5,2,NULL,1,NULL,NULL,NULL,NULL,'w','2W02.05',''),(577,'66fe0aa9b9088a9c59c0ec74467c6350','Brainstorming',NULL,5,2,NULL,1,NULL,NULL,NULL,NULL,'w','2W02.06',''),(578,'66a2e01da2d31bb5f11b21c747fca957','Teebeutelzielwurf',NULL,5,2,NULL,1,NULL,NULL,NULL,NULL,'w','2W03.01',''),(579,'488339c87bf87e014916ad0aef5c1096','Teebeutelzielwurf',NULL,5,2,NULL,1,NULL,NULL,NULL,NULL,'w','2W03.02',''),(580,'9202178e3fea02d5e8982e753c69fc6b','Teebeutelzielwurf',NULL,5,2,NULL,1,NULL,NULL,NULL,NULL,'w','2W03.03',''),(581,'96e66fede33bf3b2ca0b54b98a233308','Teebeutelzielwurf',NULL,5,2,NULL,1,NULL,NULL,NULL,NULL,'w','2W03.04',''),(582,'4b57cdd46f81e9a89ca567285c0eba97','Teebeutelzielwurf',NULL,5,2,NULL,1,NULL,NULL,NULL,NULL,'w','2W03.05',''),(583,'25a334b66ee7a885528294266b241016','Teebeutelzielwurf',NULL,5,2,NULL,1,NULL,NULL,NULL,NULL,'w','2W03.06',''),(584,'56a101334f0a9824edea5c216ba25363','Teebeutelzielwurf',NULL,5,2,NULL,1,NULL,NULL,NULL,NULL,'w','2W03.07',''),(585,'5a2b1c31232907554c0e9017af2d720b','Teebeutelzielwurf',NULL,5,2,NULL,1,NULL,NULL,NULL,NULL,'w','2W03.08',''),(586,'e5a145d90ace546fe0171956b30b0934','Wattebausch',NULL,5,2,NULL,1,NULL,NULL,NULL,NULL,'w','2W04.01',''),(587,'7fa35ed86f04efe8469b098f64f92255','Wattebausch',NULL,5,2,NULL,1,NULL,NULL,NULL,NULL,'w','2W04.02',''),(588,'5de1b1448a811db9aa13b15bc050700b','Wattebausch',NULL,5,2,NULL,1,NULL,NULL,NULL,NULL,'w','2W04.03',''),(589,'cf03b752115c4bad48ddc53d0a53fb7b','Wattebausch',NULL,5,2,NULL,1,NULL,NULL,NULL,NULL,'w','2W04.04',''),(590,'b31529898c15c940793bdd096ce8a6ef','Wattebausch',NULL,5,2,NULL,1,NULL,NULL,NULL,NULL,'w','2W04.05',''),(591,'1cdab7de668a8b897ad103e0389d872c','Wattebausch',NULL,5,2,NULL,1,NULL,NULL,NULL,NULL,'w','2W04.06',''),(592,'671a25333387dc35804b6db145cf5d6d','Tierspuren erkennen',NULL,5,2,NULL,1,NULL,NULL,NULL,NULL,'w','2W05.01',''),(593,'d270084bdd3d35b6ad2b0a126872e7d3','Tierspuren erkennen',NULL,5,2,NULL,1,NULL,NULL,NULL,NULL,'w','2W05.02',''),(594,'1207458897d630aa45ad01505e09a645','Tierspuren erkennen',NULL,5,2,NULL,1,NULL,NULL,NULL,NULL,'w','2W05.03',''),(595,'7986d9d33ec3c7a205de369d046742ee','Tierspuren erkennen',NULL,5,2,NULL,1,NULL,NULL,NULL,NULL,'w','2W05.04',''),(596,'02dfa584900fa6f39594df5f02c10b25','Tierspuren erkennen',NULL,5,2,NULL,1,NULL,NULL,NULL,NULL,'w','2W05.05',''),(597,'6bda96cac4d8639850903d821b44c5b1','Tierspuren erkennen',NULL,5,2,NULL,1,NULL,NULL,NULL,NULL,'w','2W05.06',''),(598,'6c1545b8f4e37a6f650ada8ce38c9c04','Tierspuren erkennen',NULL,5,2,NULL,1,NULL,NULL,NULL,NULL,'w','2W05.07',''),(599,'473f9461c5dbdc20e38d295098f40d23','Tierspuren erkennen',NULL,5,2,NULL,1,NULL,NULL,NULL,NULL,'w','2W05.08',''),(600,'80cdb5f0839794d5a24408431d10f106','Tierspuren erkennen',NULL,5,2,NULL,1,NULL,NULL,NULL,NULL,'w','2W05.09',''),(601,'ca97bf63f62e601b535a0ff5476f2319','Tierspuren erkennen',NULL,5,2,NULL,1,NULL,NULL,NULL,NULL,'w','2W05.10',''),(602,'edf9099c30c0a30027fce46d5b504544','Gummihuhn-Crossgolf',NULL,5,2,NULL,1,NULL,NULL,NULL,NULL,'w','2W06.01',''),(603,'fd8535ee287b3c0279722d28e5f4fb4d','Gummihuhn-Crossgolf',NULL,5,2,NULL,1,NULL,NULL,NULL,NULL,'w','2W06.02',''),(604,'ddd9a79e6d9e505aba5d9e58124385c0','Gummihuhn-Crossgolf',NULL,5,2,NULL,1,NULL,NULL,NULL,NULL,'w','2W06.03',''),(605,'99fd89dd002a0703579902e2e8490fd9','Gummihuhn-Crossgolf',NULL,5,2,NULL,1,NULL,NULL,NULL,NULL,'w','2W06.04',''),(606,'8f1884a6756c5d1df7e4eba2a859154c','Gummihuhn-Crossgolf',NULL,5,2,NULL,1,NULL,NULL,NULL,NULL,'w','2W06.05',''),(607,'da676dea704a80da98c6856180ae48d6','Gummihuhn-Crossgolf',NULL,5,2,NULL,1,NULL,NULL,NULL,NULL,'w','2W06.06',''),(608,'168f2b11f797db3a7f715ee8b01bb7f4','Menschen an die Wand kleben',NULL,5,2,NULL,1,NULL,NULL,NULL,NULL,'w','2W07.01',''),(609,'66dac25dd8e75475f9df91059687600e','Menschen an die Wand kleben',NULL,5,2,NULL,1,NULL,NULL,NULL,NULL,'w','2W07.02',''),(610,'b4b7740e8a8680d1d443b9a83b1fe51d','Menschen an die Wand kleben',NULL,5,2,NULL,1,NULL,NULL,NULL,NULL,'w','2W07.03',''),(611,'c5bc7029f5ec9272b27397ee82463c97','Menschen an die Wand kleben',NULL,5,2,NULL,1,NULL,NULL,NULL,NULL,'w','2W07.04',''),(612,'2b66dbba6c8d9773db7f235d4274e2e2','Menschen an die Wand kleben',NULL,5,2,NULL,1,NULL,NULL,NULL,NULL,'w','2W07.05',''),(613,'609d6c34bbc327e8f84a12a3ff6574f4','Schlacht der Krieger',NULL,5,2,NULL,1,NULL,NULL,NULL,NULL,'w','2W08.01',''),(614,'411d5f4c5d9267c337f2b460ff1cc126','Schlacht der Krieger',NULL,5,2,NULL,1,NULL,NULL,NULL,NULL,'w','2W08.02',''),(615,'04f6188454e91cd585240a957e45bd33','Schlacht der Krieger',NULL,5,2,NULL,1,NULL,NULL,NULL,NULL,'w','2W08.03',''),(616,'a7fee6833085f3cf2c6d2ded7381a038','Schlacht der Krieger',NULL,5,2,NULL,1,NULL,NULL,NULL,NULL,'w','2W08.04',''),(617,'4e68b9bf0aca0e2bc269a0c541c787d9','Schlacht der Krieger',NULL,5,2,NULL,1,NULL,NULL,NULL,NULL,'w','2W08.05',''),(618,'aa29f022afd0a3399aabc31dd60297b6','Schlacht der Krieger',NULL,5,2,NULL,1,NULL,NULL,NULL,NULL,'w','2W08.06',''),(619,'1329c693ab4c0e5a142a2aecd02e879b','Schlacht der Krieger',NULL,5,2,NULL,1,NULL,NULL,NULL,NULL,'w','2W08.07',''),(620,'da85ccf3e21005ec32c208c6d801062e','Bierdeckelbild legen',NULL,5,2,NULL,1,NULL,NULL,NULL,NULL,'w','2W09.01',''),(621,'748ef365ffcdd33dc31e6c1742f114dc','Bierdeckelbild legen',NULL,5,2,NULL,1,NULL,NULL,NULL,NULL,'w','2W09.02',''),(622,'a4bb657d6ee0dc90aa724deacfe76fe1','Bierdeckelbild legen',NULL,5,2,NULL,1,NULL,NULL,NULL,NULL,'w','2W09.03',''),(623,'516da902f09d0a6b0aa11d85e1bc29e6','Bierdeckelbild legen',NULL,5,2,NULL,1,NULL,NULL,NULL,NULL,'w','2W09.04',''),(624,'83e3c5533d3df8b20c2c3ccd9bf5d159','Bierdeckelbild legen',NULL,5,2,NULL,1,NULL,NULL,NULL,NULL,'w','2W09.05',''),(625,'dd1c9ddef891c123bcbc750026d0778f','Bierdeckelbild legen',NULL,5,2,NULL,1,NULL,NULL,NULL,NULL,'w','2W09.06',''),(626,'24688ff14804e79ce39a7d246adedc54','Brainstorming',NULL,5,2,NULL,1,NULL,NULL,NULL,NULL,'j','2J01.01',''),(627,'83043983e8abfadb7e17afdded342aaf','Brainstorming',NULL,5,2,NULL,1,NULL,NULL,NULL,NULL,'j','2J01.02',''),(628,'23a5ecd1e87fa7d7a032603d3784ef34','Brainstorming',NULL,5,2,NULL,1,NULL,NULL,NULL,NULL,'j','2J01.03',''),(629,'7623c253a48fc979a31bd50d5935e2ef','Brainstorming',NULL,5,2,NULL,1,NULL,NULL,NULL,NULL,'j','2J01.04',''),(630,'05d485b325ed6ca3da6cf9dd02bbbae6','Brainstorming',NULL,5,2,NULL,1,NULL,NULL,NULL,NULL,'j','2J01.05',''),(631,'ca768bff583f23c9ce09b0bc430b9a82','Buchstaben legen',NULL,5,2,NULL,1,NULL,NULL,NULL,NULL,'j','2J02.01',''),(632,'7ccf535113bf6e499d64fb043727fc55','Buchstaben legen',NULL,5,2,NULL,1,NULL,NULL,NULL,NULL,'j','2J02.02',''),(633,'52abbff9beab259959a41f3ac57fabab','Buchstaben legen',NULL,5,2,NULL,1,NULL,NULL,NULL,NULL,'j','2J02.03',''),(634,'d67019854d1d679dbc55299aa4a94e71','Buchstaben legen',NULL,5,2,NULL,1,NULL,NULL,NULL,NULL,'j','2J02.04',''),(635,'bcd786a798366580c2fe3ae3ce12d1b8','Buchstaben legen',NULL,5,2,NULL,1,NULL,NULL,NULL,NULL,'j','2J02.05',''),(636,'ac6bf3412fbe3d690eda1a1db9b315ae','Wattebausch',NULL,5,2,NULL,1,NULL,NULL,NULL,NULL,'j','2J03.01',''),(637,'80c797567308c4a95c4d9e3fa1c00490','Wattebausch',NULL,5,2,NULL,1,NULL,NULL,NULL,NULL,'j','2J03.02',''),(638,'dc7e23580008d40fc2b99df36493a504','Wattebausch',NULL,5,2,NULL,1,NULL,NULL,NULL,NULL,'j','2J03.03',''),(639,'0ef89f5f2333d8596d8b3e52cd3a30d8','Wattebausch',NULL,5,2,NULL,1,NULL,NULL,NULL,NULL,'j','2J03.04',''),(640,'2c4c963be06d1ccd094a4c42e3ca5d0c','Wattebausch',NULL,5,2,NULL,1,NULL,NULL,NULL,NULL,'j','2J03.05',''),(641,'8299dae280a9e12fb4256555e1c9b0de','Handtuchschleuderball',NULL,5,2,NULL,1,NULL,NULL,NULL,NULL,'j','2J04.01',''),(642,'babe484068efb96982e45dc953b941a0','Handtuchschleuderball',NULL,5,2,NULL,1,NULL,NULL,NULL,NULL,'j','2J04.02',''),(643,'aba4d3b791a635b94e3cb7c4213841ff','Handtuchschleuderball',NULL,5,2,NULL,1,NULL,NULL,NULL,NULL,'j','2J04.03',''),(644,'c1b57c7238c4267956c624a0d757a28e','Handtuchschleuderball',NULL,5,2,NULL,1,NULL,NULL,NULL,NULL,'j','2J04.04',''),(645,'27fc821871e0327f8dd7ec3b41a8c865','Handtuchschleuderball',NULL,5,2,NULL,1,NULL,NULL,NULL,NULL,'j','2J04.05',''),(646,'310486223cefe2d1cfac2229547167cc','Kothe bauen',NULL,5,2,NULL,1,NULL,NULL,NULL,NULL,'j','2J05.01',''),(647,'bf7f2a8ed68582eb0742b2da6bce93c0','Kothe bauen',NULL,5,2,NULL,1,NULL,NULL,NULL,NULL,'j','2J05.02',''),(648,'7f34cc215562d73281d4a971d240c083','Kothe bauen',NULL,5,2,NULL,1,NULL,NULL,NULL,NULL,'j','2J05.03',''),(649,'9c216de2acd7c1f3fd19405f0a62c40d','Kothe bauen',NULL,5,2,NULL,1,NULL,NULL,NULL,NULL,'j','2J05.04',''),(650,'da5b61982e7fca5d405abf21751698b2','Kothe bauen',NULL,5,2,NULL,1,NULL,NULL,NULL,NULL,'j','2J05.05',''),(651,'d4eefdc6aad351fde57e0f1192a078ae','Kothe bauen',NULL,5,2,NULL,1,NULL,NULL,NULL,NULL,'j','2J05.06',''),(652,'5fa732d0f8f4b9f6b0b2ee5985bcb45a','Menschen an die Wand kleben',NULL,5,2,NULL,1,NULL,NULL,NULL,NULL,'j','2J06.01',''),(653,'1d7c84e258c3bd9612548e086d6acd51','Menschen an die Wand kleben',NULL,5,2,NULL,1,NULL,NULL,NULL,NULL,'j','2J06.02',''),(654,'1081b210ffdc068ffabb20650ad0c2c8','Menschen an die Wand kleben',NULL,5,2,NULL,1,NULL,NULL,NULL,NULL,'j','2J06.03',''),(655,'3c8fdfda15f42f3262334c45eeff3c94','Menschen an die Wand kleben',NULL,5,2,NULL,1,NULL,NULL,NULL,NULL,'j','2J06.04',''),(656,'924fd9f7b49c44eff94974c28a5a779f','Montagsmaler',NULL,5,2,NULL,1,NULL,NULL,NULL,NULL,'j','2J07.01',''),(657,'03b4505e3260e040358efeff5996c4aa','Montagsmaler',NULL,5,2,NULL,1,NULL,NULL,NULL,NULL,'j','2J07.02',''),(658,'3714f3212ecff353f62535534dab983c','Montagsmaler',NULL,5,2,NULL,1,NULL,NULL,NULL,NULL,'j','2J07.03',''),(659,'9a543da8d12ea8a13df290f46899b133','Montagsmaler',NULL,5,2,NULL,1,NULL,NULL,NULL,NULL,'j','2J07.04',''),(660,'505be4fbbeb368de536fec7d0ec87101','Montagsmaler',NULL,5,2,NULL,1,NULL,NULL,NULL,NULL,'j','2J07.05',''),(661,'cd727316128365fc3232c9c3ed3bd766','PfadfinderQuizI',NULL,5,2,NULL,1,NULL,NULL,NULL,NULL,'j','2J08.01',''),(662,'98fc1db522b3685987503e7e41639078','PfadfinderQuizI',NULL,5,2,NULL,1,NULL,NULL,NULL,NULL,'j','2J08.02',''),(663,'58bbc27525c9b6c77ef2104c85d57bc4','PfadfinderQuizI',NULL,5,2,NULL,1,NULL,NULL,NULL,NULL,'j','2J08.03',''),(664,'9345b11d74160540cdacb5680599d791','PfadfinderQuizI',NULL,5,2,NULL,1,NULL,NULL,NULL,NULL,'j','2J08.04',''),(665,'8f6a09462fb67575ed5aa96c36f8285d','PfadfinderQuizI',NULL,5,2,NULL,1,NULL,NULL,NULL,NULL,'j','2J08.05',''),(666,'4c9b243cfb632aa27aaac0d5eec31338','PfadfinderQuizI',NULL,5,2,NULL,1,NULL,NULL,NULL,NULL,'j','2J08.06',''),(667,'8b49761ad7b247373ff336dd4e1c6271','PfadfinderQuizII',NULL,5,2,NULL,1,NULL,NULL,NULL,NULL,'j','2J09.01',''),(668,'f3bb789fc5dc821891b109ea3b503ae0','PfadfinderQuizII',NULL,5,2,NULL,1,NULL,NULL,NULL,NULL,'j','2J09.02',''),(669,'f2f0e1ad3bd423ccabdf1b4dc8905049','PfadfinderQuizII',NULL,5,2,NULL,1,NULL,NULL,NULL,NULL,'j','2J09.03',''),(670,'aa8be3fc0a1cc8cd158df6ef48667077','PfadfinderQuizII',NULL,5,2,NULL,1,NULL,NULL,NULL,NULL,'j','2J09.04',''),(671,'f93471a6dd1906fb824a11e1ffa721a5','PfadfinderQuizII',NULL,5,2,NULL,1,NULL,NULL,NULL,NULL,'j','2J09.05',''),(672,'934f1cb5a64d7d68c8847729b3c55bba','PfadfinderQuizII',NULL,5,2,NULL,1,NULL,NULL,NULL,NULL,'j','2J09.06',''),(673,'40f22b377e7cef16e56c0e971b91d642','Störrische Widder',NULL,5,2,NULL,1,NULL,NULL,NULL,NULL,'j','2J10.01',''),(674,'0f476c0be7fdf2eb03be445f233c035b','Störrische Widder',NULL,5,2,NULL,1,NULL,NULL,NULL,NULL,'j','2J10.02',''),(675,'4351dc34906923188e544194d2f072d7','Störrische Widder',NULL,5,2,NULL,1,NULL,NULL,NULL,NULL,'j','2J10.03',''),(676,'0f4a734be876aeefaefd6814387f8954','Störrische Widder',NULL,5,2,NULL,1,NULL,NULL,NULL,NULL,'j','2J10.04',''),(677,'1b152fbf4d1b8dbdd8475217da23efb2','Störrische Widder',NULL,5,2,NULL,1,NULL,NULL,NULL,NULL,'j','2J10.05',''),(678,'c53ab3234ab164453af6165b5a778de2','Schlacht der Krieger',NULL,5,2,NULL,1,NULL,NULL,NULL,NULL,'j','2J11.01',''),(679,'e5ba662d0ce663d28a06b98701dfbaf5','Schlacht der Krieger',NULL,5,2,NULL,1,NULL,NULL,NULL,NULL,'j','2J11.02',''),(680,'1e7dc18aaec80474a3f3d72bb7809704','Schlacht der Krieger',NULL,5,2,NULL,1,NULL,NULL,NULL,NULL,'j','2J11.03',''),(681,'fccaff6193d37389726518d2c4c3833c','Schlacht der Krieger',NULL,5,2,NULL,1,NULL,NULL,NULL,NULL,'j','2J11.04',''),(682,'ce3ab5d7e3acec1a40e37eb075410dd4','Schlacht der Krieger',NULL,5,2,NULL,1,NULL,NULL,NULL,NULL,'j','2J11.05',''),(683,'aca2bdeb36ffe2c707bfdd5ea386a235','Tierspuren erkennen',NULL,5,2,NULL,1,NULL,NULL,NULL,NULL,'j','2J12.01',''),(684,'6659b85cea18ff4ab6c604bcd1be1cb3','Tierspuren erkennen',NULL,5,2,NULL,1,NULL,NULL,NULL,NULL,'j','2J12.02',''),(685,'950a2ee59e83d33f644c9ae5fe666163','Tierspuren erkennen',NULL,5,2,NULL,1,NULL,NULL,NULL,NULL,'j','2J12.03',''),(686,'2e8542846135ad7e0e038f7f7a196265','Tierspuren erkennen',NULL,5,2,NULL,1,NULL,NULL,NULL,NULL,'j','2J12.04',''),(687,'7e6bbf797757366d80a56d778020e716','Tierspuren erkennen',NULL,5,2,NULL,1,NULL,NULL,NULL,NULL,'j','2J12.05',''),(688,'86f382e17c1fff93acf5911389de7bbe','Tierspuren erkennen',NULL,5,2,NULL,1,NULL,NULL,NULL,NULL,'j','2J12.06',''),(689,'9a9856ecae3c06e923c720ee6515dc92','Tower of Power',NULL,5,2,NULL,1,NULL,NULL,NULL,NULL,'j','2J13.01',''),(690,'fb046765876ddbefc9ee59413cec2286','Tower of Power',NULL,5,2,NULL,1,NULL,NULL,NULL,NULL,'j','2J13.02',''),(691,'700d1fb003b1a90fbfe64cb39bda8134','Tower of Power',NULL,5,2,NULL,1,NULL,NULL,NULL,NULL,'j','2J13.03',''),(692,'882b8cb7a84cdbe02a4863715533906d','Tower of Power',NULL,5,2,NULL,1,NULL,NULL,NULL,NULL,'j','2J13.04',''),(693,'c3bb988fd4a3d10725ffa77c8bc02497','Upps',NULL,5,2,NULL,1,NULL,NULL,NULL,NULL,'j','2J14.01',''),(694,'ce4eb36ee2f7e10cca3a0affdaa691a5','Upps',NULL,5,2,NULL,1,NULL,NULL,NULL,NULL,'j','2J14.02',''),(695,'81ae374e20d00319603a78611d8b94b6','Upps',NULL,5,2,NULL,1,NULL,NULL,NULL,NULL,'j','2J14.03',''),(696,'056b19662ee304f3b557bdcce71a0ef2','Upps',NULL,5,2,NULL,1,NULL,NULL,NULL,NULL,'j','2J14.04',''),(697,'4871a81423452ef9283b76e89fc6ddd8','Blindes Schreiben',NULL,5,2,NULL,1,NULL,NULL,NULL,NULL,'p','2P01.01',''),(698,'e217f2dd0e1ac61066907f669adee4c2','Blindes Schreiben',NULL,5,2,NULL,1,NULL,NULL,NULL,NULL,'p','2P01.02',''),(699,'c6930d55847bd97b6f95d52c3a607187','Blindes Schreiben',NULL,5,2,NULL,1,NULL,NULL,NULL,NULL,'p','2P01.03',''),(700,'37d44b6ceb3f6963d948f392740ebbc9','Blindes Schreiben',NULL,5,2,NULL,1,NULL,NULL,NULL,NULL,'p','2P01.04',''),(701,'13f280f79424b9fed033316c5ea1da9a','Blindes Schreiben',NULL,5,2,NULL,1,NULL,NULL,NULL,NULL,'p','2P01.05',''),(702,'7cbac6075cc892754d0a9269f34095d0','Blindes Schreiben',NULL,5,2,NULL,1,NULL,NULL,NULL,NULL,'p','2P01.06',''),(703,'c89d9f14a5f8a8e7fe106665df9d1859','Brainstorming',NULL,5,2,NULL,1,NULL,NULL,NULL,NULL,'p','2P02.01',''),(704,'da0d8c78b0fbe908a6846d36e0cc7b2c','Brainstorming',NULL,5,2,NULL,1,NULL,NULL,NULL,NULL,'p','2P02.02',''),(705,'82db73f919f472277b5dd7e3fa69cd9a','Brainstorming',NULL,5,2,NULL,1,NULL,NULL,NULL,NULL,'p','2P02.03',''),(706,'f0744befd5baf0a3e599dca3e00cec27','Brainstorming',NULL,5,2,NULL,1,NULL,NULL,NULL,NULL,'p','2P02.04',''),(707,'d7ebb761b9f15c71bfd3a66df0692453','Brainstorming',NULL,5,2,NULL,1,NULL,NULL,NULL,NULL,'p','2P02.05',''),(708,'426af9e2d0955cd203ad8ada71ff8cb4','Brainstorming',NULL,5,2,NULL,1,NULL,NULL,NULL,NULL,'p','2P02.06',''),(709,'a9cd46ebe5e439276fff3d31eeefbb9a','Buchstaben legen',NULL,5,2,NULL,1,NULL,NULL,NULL,NULL,'p','2P03.01',''),(710,'c3c90d695736a95fb90c4677c55d3d35','Buchstaben legen',NULL,5,2,NULL,1,NULL,NULL,NULL,NULL,'p','2P03.02',''),(711,'f20b46d50eec92f6e097721f3fe3e265','Buchstaben legen',NULL,5,2,NULL,1,NULL,NULL,NULL,NULL,'p','2P03.03',''),(712,'e4ea795510bf01e9cd8d7450505d66a7','Buchstaben legen',NULL,5,2,NULL,1,NULL,NULL,NULL,NULL,'p','2P03.04',''),(713,'8595d04e5862b0714cb3fe18ca98eed9','Buchstaben legen',NULL,5,2,NULL,1,NULL,NULL,NULL,NULL,'p','2P03.05',''),(714,'4c36d6f768cd2ec3e21d8ee81f2aac98','Buchstaben legen',NULL,5,2,NULL,1,NULL,NULL,NULL,NULL,'p','2P03.06',''),(715,'6192309c2ce848834cdbf51a7eceac9b','Der Wattebausch',NULL,5,2,NULL,1,NULL,NULL,NULL,NULL,'p','2P04.01',''),(716,'da0c39fb14abdb9440d3df00422fef8f','Der Wattebausch',NULL,5,2,NULL,1,NULL,NULL,NULL,NULL,'p','2P04.02',''),(717,'74e6404dca151d509ad177c0ed14d3b5','Der Wattebausch',NULL,5,2,NULL,1,NULL,NULL,NULL,NULL,'p','2P04.03',''),(718,'b306c2c13e329d337404af33d84b18c3','Der Wattebausch',NULL,5,2,NULL,1,NULL,NULL,NULL,NULL,'p','2P04.04',''),(719,'d7a7da91f642377c0c5d91bb426ac442','Der Wattebausch',NULL,5,2,NULL,1,NULL,NULL,NULL,NULL,'p','2P04.05',''),(720,'1e14976c8a8451b599ec1fce21dd8ca7','Der Wattebausch',NULL,5,2,NULL,1,NULL,NULL,NULL,NULL,'p','2P04.06',''),(721,'a75ee0b87dc8f84f4de46a416e38137e','Poolnoodle-Edding',NULL,5,2,NULL,1,NULL,NULL,NULL,NULL,'p','2P05.01',''),(722,'f31edab61f5bcd3e683dc2b306341d82','Poolnoodle-Edding',NULL,5,2,NULL,1,NULL,NULL,NULL,NULL,'p','2P05.02',''),(723,'eaad8bd58290764c877cc853df1f746f','Poolnoodle-Edding',NULL,5,2,NULL,1,NULL,NULL,NULL,NULL,'p','2P05.03',''),(724,'35517a1ad8c97755899ba3878065e86a','Poolnoodle-Edding',NULL,5,2,NULL,1,NULL,NULL,NULL,NULL,'p','2P05.04',''),(725,'6f1f32c454271953f99162c580567388','Poolnoodle-Edding',NULL,5,2,NULL,1,NULL,NULL,NULL,NULL,'p','2P05.05',''),(726,'bf73b0f5b026c3f54758e4f5b6c7be58','Upps',NULL,5,2,NULL,1,NULL,NULL,NULL,NULL,'p','2P06.01',''),(727,'29ae9ba0ce6e0cf0dcbb83c6f4a788ec','Upps',NULL,5,2,NULL,1,NULL,NULL,NULL,NULL,'p','2P06.02',''),(728,'86b7d9f397f632ddea33833a0d7e3dc1','Upps',NULL,5,2,NULL,1,NULL,NULL,NULL,NULL,'p','2P06.03',''),(729,'342f9121f7a723ed60d9e3fcebe2917e','Upps',NULL,5,2,NULL,1,NULL,NULL,NULL,NULL,'p','2P06.04',''),(730,'c0d91dc1c661ba5cfc4409f7e25aca8b','Upps',NULL,5,2,NULL,1,NULL,NULL,NULL,NULL,'p','2P06.05',''),(731,'32a8269a965803125c5f4871b7c891ce','Upps',NULL,5,2,NULL,1,NULL,NULL,NULL,NULL,'p','2P06.06',''),(732,'b3763fac72eff3b3af9b5ec5e01580d0','Schlacht der Krieger',NULL,5,2,NULL,1,NULL,NULL,NULL,NULL,'p','2P07.01',''),(733,'2bc0a7b9c4058f3ce88a8695d5f1e352','Schlacht der Krieger',NULL,5,2,NULL,1,NULL,NULL,NULL,NULL,'p','2P07.02',''),(734,'b8020e7e57a7df125cfd5357d33a9091','Schlacht der Krieger',NULL,5,2,NULL,1,NULL,NULL,NULL,NULL,'p','2P07.03',''),(735,'4f5e36d78743939d4228a38a9436c9a1','Schlacht der Krieger',NULL,5,2,NULL,1,NULL,NULL,NULL,NULL,'p','2P07.04',''),(736,'01dd963ea91d356ef2b0816628dfbe1c','Schlacht der Krieger',NULL,5,2,NULL,1,NULL,NULL,NULL,NULL,'p','2P07.05',''),(737,'af386d4c1e810b103e094a698b082eb8','Tierspuren erkennen',NULL,5,2,NULL,1,NULL,NULL,NULL,NULL,'p','2P08.01',''),(738,'4f4805ff2bf7105e6e21e699c562f4b0','Tierspuren erkennen',NULL,5,2,NULL,1,NULL,NULL,NULL,NULL,'p','2P08.02',''),(739,'59004eb31c6936864480b24df4bbbb08','Tierspuren erkennen',NULL,5,2,NULL,1,NULL,NULL,NULL,NULL,'p','2P08.03',''),(740,'062e26fbc28cbdd2c459751c08da98fe','Tierspuren erkennen',NULL,5,2,NULL,1,NULL,NULL,NULL,NULL,'p','2P08.04',''),(741,'bdc7bc6dab1ba745563c96790afa7829','Tierspuren erkennen',NULL,5,2,NULL,1,NULL,NULL,NULL,NULL,'p','2P08.05',''),(742,'5c4eba10e5a818ff34c711c232f58b18','Tower of Power',NULL,5,2,NULL,1,NULL,NULL,NULL,NULL,'p','2P09.01',''),(743,'011e2e557d2fa774d5fa37f0c050bfc1','Tower of Power',NULL,5,2,NULL,1,NULL,NULL,NULL,NULL,'p','2P09.02',''),(744,'4a6fa209eee49bd9a344cd79f22f311a','Tower of Power',NULL,5,2,NULL,1,NULL,NULL,NULL,NULL,'p','2P09.03',''),(745,'0023731df3ddeaa0c28ebd2d683490d9','Tower of Power',NULL,5,2,NULL,1,NULL,NULL,NULL,NULL,'p','2P09.04',''),(746,'f6a93af46d690af48220f8440a379f18','Tower of Power',NULL,5,2,NULL,1,NULL,NULL,NULL,NULL,'p','2P09.05',''),(747,'8abf07ff319b77e6a7ac9b3a8820bd7e','Schlacht der Krieger',NULL,5,2,NULL,1,NULL,NULL,NULL,NULL,'r','2R01.01',''),(748,'a0d525cbd0136a4876462be00c68c7fb','Schlacht der Krieger',NULL,5,2,NULL,1,NULL,NULL,NULL,NULL,'r','2R01.02',''),(749,'3ace70220edc2a1b99c7ae225384bfda','Schlacht der Krieger',NULL,5,2,NULL,1,NULL,NULL,NULL,NULL,'r','2R01.03',''),(750,'00670483ab1870e5d773508098aeb5c6','Schlacht der Krieger',NULL,5,2,NULL,1,NULL,NULL,NULL,NULL,'r','2R01.04',''),(751,'3a502aeca629df1f1941054737aae702','Schlacht der Krieger',NULL,5,2,NULL,1,NULL,NULL,NULL,NULL,'r','2R01.05',''),(752,'c8035c187fe3b8f65706bd5f21e4b34c','Schlacht der Krieger',NULL,5,2,NULL,1,NULL,NULL,NULL,NULL,'r','2R01.06',''),(753,'eb12c45272f055ebe456207e5b934fc2','Brainstorming',NULL,5,2,NULL,1,NULL,NULL,NULL,NULL,'r','2R02.01',''),(754,'a3a82f0f9fe5fc76965d56e308908bd9','Brainstorming',NULL,5,2,NULL,1,NULL,NULL,NULL,NULL,'r','2R02.02',''),(755,'d9b139da03fd3eb78d7bfb92556c2de3','Brainstorming',NULL,5,2,NULL,1,NULL,NULL,NULL,NULL,'r','2R02.03',''),(756,'d7a3aef8eb374564bf3a0895f2a9d56f','Brainstorming',NULL,5,2,NULL,1,NULL,NULL,NULL,NULL,'r','2R02.04',''),(757,'fd203f55a39eb783e17e1d3d88e894e1','Brainstorming',NULL,5,2,NULL,1,NULL,NULL,NULL,NULL,'r','2R02.05',''),(758,'8a544c67f08a7b86e446212b2da9d2ce','Brainstorming',NULL,5,2,NULL,1,NULL,NULL,NULL,NULL,'r','2R02.06',''),(759,'5e70f8478608a4ba6464f2c27e61a047','Buchstaben legen',NULL,5,2,NULL,1,NULL,NULL,NULL,NULL,'r','2R03.01',''),(760,'7d42011c146373fb4651cb38408e698a','Buchstaben legen',NULL,5,2,NULL,1,NULL,NULL,NULL,NULL,'r','2R03.02',''),(761,'306c3b57fb6644b1138f4d3d4498ad66','Buchstaben legen',NULL,5,2,NULL,1,NULL,NULL,NULL,NULL,'r','2R03.03',''),(762,'7de9e0f25f7058842a33f556d00d4493','Buchstaben legen',NULL,5,2,NULL,1,NULL,NULL,NULL,NULL,'r','2R03.04',''),(763,'69ad4f2c2a619b8283d2536d5150bcc8','Buchstaben legen',NULL,5,2,NULL,1,NULL,NULL,NULL,NULL,'r','2R03.05',''),(764,'6ed12039eed9960c3aa1aa04360cb1e7','Buchstaben legen',NULL,5,2,NULL,1,NULL,NULL,NULL,NULL,'r','2R03.06',''),(765,'7b2149c758d5fea442bb27ae1d3192ad','Der Wattebausch',NULL,5,2,NULL,1,NULL,NULL,NULL,NULL,'r','2R04.01',''),(766,'60723bb37f4f4b4c883fc4542bade35e','Der Wattebausch',NULL,5,2,NULL,1,NULL,NULL,NULL,NULL,'r','2R04.02',''),(767,'b8e169c46544c1015d08251fba7f5ccb','Der Wattebausch',NULL,5,2,NULL,1,NULL,NULL,NULL,NULL,'r','2R04.03',''),(768,'71ca1d3c8579337fadfe7c13636386f4','Der Wattebausch',NULL,5,2,NULL,1,NULL,NULL,NULL,NULL,'r','2R04.04',''),(769,'4ac72706bf6e8d315d142ec97e5c23d0','Der Wattebausch',NULL,5,2,NULL,1,NULL,NULL,NULL,NULL,'r','2R04.05',''),(770,'162c2fffb009fd889330f942250b3422','Der Wattebausch',NULL,5,2,NULL,1,NULL,NULL,NULL,NULL,'r','2R04.06',''),(771,'f7043a14510d10767eb382e876e587c9','Poolnoodle-Edding',NULL,5,2,NULL,1,NULL,NULL,NULL,NULL,'r','2R05.01',''),(772,'bdaad1b70f714e1f29661191d1315ed8','Poolnoodle-Edding',NULL,5,2,NULL,1,NULL,NULL,NULL,NULL,'r','2R05.02',''),(773,'b349e13049ae8854ce6aa6600adeee76','Poolnoodle-Edding',NULL,5,2,NULL,1,NULL,NULL,NULL,NULL,'r','2R05.03',''),(774,'f95a001d22a98097bf4a0f11bbcc59a2','Poolnoodle-Edding',NULL,5,2,NULL,1,NULL,NULL,NULL,NULL,'r','2R05.04',''),(775,'230abd744796f5b487d56ba805df9d72','Poolnoodle-Edding',NULL,5,2,NULL,1,NULL,NULL,NULL,NULL,'r','2R05.05',''),(776,'e7d4a95c5d0c97353c8d19b82a24ff52','Gewicht schätzen',NULL,5,2,NULL,1,NULL,NULL,NULL,NULL,'r','2R06.01',''),(777,'13f6983143f90c43f92c3efbd7537457','Gewicht schätzen',NULL,5,2,NULL,1,NULL,NULL,NULL,NULL,'r','2R06.02',''),(778,'fdb20368bd4e8a0ecd4a7659985b26c5','Gewicht schätzen',NULL,5,2,NULL,1,NULL,NULL,NULL,NULL,'r','2R06.03',''),(779,'bcea4e016b0d57bd33edc6bd2b63dece','Gewicht schätzen',NULL,5,2,NULL,1,NULL,NULL,NULL,NULL,'r','2R06.04',''),(780,'8c97b945552e37a320070c573f155a43','Gewicht schätzen',NULL,5,2,NULL,1,NULL,NULL,NULL,NULL,'r','2R06.05',''),(781,'5025e404ca47999ef5f68509f2620148','Gewicht schätzen',NULL,5,2,NULL,1,NULL,NULL,NULL,NULL,'r','2R06.06',''),(782,'bba9274ece2b5e3344004067f2728b07','Gewicht schätzen',NULL,5,2,NULL,1,NULL,NULL,NULL,NULL,'r','2R06.07',''),(783,'c3e7a3e966ad48747058782607870a22','Gewicht schätzen',NULL,5,2,NULL,1,NULL,NULL,NULL,NULL,'r','2R06.08',''),(784,'258f5d03259923f027f7c319c06a74f7','Amazonas',NULL,5,3,NULL,1,NULL,NULL,NULL,NULL,'wj','3WJ01.01',''),(785,'3cf28f97fd5eb0fe47e41759d7447d9a','Amazonas',NULL,5,3,NULL,1,NULL,NULL,NULL,NULL,'wj','3WJ01.02',''),(786,'29e53453c83ad7c5ac8efdc0cd4d301c','Amazonas',NULL,5,3,NULL,1,NULL,NULL,NULL,NULL,'wj','3WJ01.03',''),(787,'c0935f17aa43635c6d4c2ec08b444636','Amazonas',NULL,5,3,NULL,1,NULL,NULL,NULL,NULL,'wj','3WJ01.04',''),(788,'5a2eadc38794685d0837e68c79413fc7','Amazonas',NULL,5,3,NULL,1,NULL,NULL,NULL,NULL,'wj','3WJ01.05',''),(789,'9a11dec0ee3521d9ecb4e6813a89f04e','Atome werden Moleküle',NULL,5,3,NULL,1,NULL,NULL,NULL,NULL,'wj','3WJ02.01',''),(790,'b4a76b0caa6a5b1b08eb07dac339c45b','Atome werden Moleküle',NULL,5,3,NULL,1,NULL,NULL,NULL,NULL,'wj','3WJ02.02',''),(791,'caf84e32023a215155ec4940f98d7cf5','Atome werden Moleküle',NULL,5,3,NULL,1,NULL,NULL,NULL,NULL,'wj','3WJ02.03',''),(792,'1b486c78986d4ab1f73fcf5abf324723','Atome werden Moleküle',NULL,5,3,NULL,1,NULL,NULL,NULL,NULL,'wj','3WJ02.04',''),(793,'183922bd178ab91fb4b064ab542a26a9','Atome werden Moleküle',NULL,5,3,NULL,1,NULL,NULL,NULL,NULL,'wj','3WJ02.05',''),(794,'db28f2a0cba2642fe6e37b190d707e83','Balltransport',NULL,5,3,NULL,1,NULL,NULL,NULL,NULL,'wj','3WJ03.01',''),(795,'15344ce6a4abc766a5ec09b8cbfa4f79','Balltransport',NULL,5,3,NULL,1,NULL,NULL,NULL,NULL,'wj','3WJ03.02',''),(796,'99301a83b8a94aea83f095fbe12c191a','Balltransport',NULL,5,3,NULL,1,NULL,NULL,NULL,NULL,'wj','3WJ03.03',''),(797,'97f47e505aaa9636f5f7f765058e031e','Balltransport',NULL,5,3,NULL,1,NULL,NULL,NULL,NULL,'wj','3WJ03.04',''),(798,'68d57d9ef04459d9f940e619ffb01030','Balltransport',NULL,5,3,NULL,1,NULL,NULL,NULL,NULL,'wj','3WJ03.05',''),(799,'43088ccafe8e1948af2eb72b084cd45d','Curry',NULL,5,3,NULL,1,NULL,NULL,NULL,NULL,'wj','3WJ04.01',''),(800,'b4ad508ac9df6f019532c73d707d290e','Curry',NULL,5,3,NULL,1,NULL,NULL,NULL,NULL,'wj','3WJ04.02',''),(801,'d97a81aa9fc49bdd57d999e6a95e37af','Curry',NULL,5,3,NULL,1,NULL,NULL,NULL,NULL,'wj','3WJ04.03',''),(802,'db7e62f90f8b696036ac061425c9f634','Curry',NULL,5,3,NULL,1,NULL,NULL,NULL,NULL,'wj','3WJ04.04',''),(803,'61e40f46778cdb9253e46e6d2da95b0d','Curry',NULL,5,3,NULL,1,NULL,NULL,NULL,NULL,'wj','3WJ04.05',''),(804,'0806d445edda72edf5c83248a0e97b52','Einseitige Raupe',NULL,5,3,NULL,1,NULL,NULL,NULL,NULL,'wj','3WJ05.01',''),(805,'32c7abe0fdcdd2d0de024ffc4cce1838','Einseitige Raupe',NULL,5,3,NULL,1,NULL,NULL,NULL,NULL,'wj','3WJ05.02',''),(806,'c3a355b3b5c2904e6a78c0cbb1216785','Einseitige Raupe',NULL,5,3,NULL,1,NULL,NULL,NULL,NULL,'wj','3WJ05.03',''),(807,'ff9e852fc49ce8e58f9bf8ff69fdaf2b','Einseitige Raupe',NULL,5,3,NULL,1,NULL,NULL,NULL,NULL,'wj','3WJ05.04',''),(808,'68b5533a7561a903e13a42a9913d8102','Einseitige Raupe',NULL,5,3,NULL,1,NULL,NULL,NULL,NULL,'wj','3WJ05.05',''),(809,'3223db695711bc3d371133ff69ffcbbf','Farbklecksfangen',NULL,5,3,NULL,1,NULL,NULL,NULL,NULL,'wj','3WJ06.01',''),(810,'a1f39f8c7f47226c8e0f1738d3615e6d','Farbklecksfangen',NULL,5,3,NULL,1,NULL,NULL,NULL,NULL,'wj','3WJ06.02',''),(811,'362de6ac3bfbfc6f280dd90a4ccfdb71','Farbklecksfangen',NULL,5,3,NULL,1,NULL,NULL,NULL,NULL,'wj','3WJ06.03',''),(812,'e73bd4b231756243123cda84472087d0','Farbklecksfangen',NULL,5,3,NULL,1,NULL,NULL,NULL,NULL,'wj','3WJ06.04',''),(813,'46020d2f295cba8f068d3b7b4e91b870','Farbklecksfangen',NULL,5,3,NULL,1,NULL,NULL,NULL,NULL,'wj','3WJ06.05',''),(814,'ad7faa9447e29c4db1b7f6ead6a44317','Fliegender Teppich',NULL,5,3,NULL,1,NULL,NULL,NULL,NULL,'wj','3WJ07.01',''),(815,'baf75dbcde4ec3954a1c66f560d9603f','Fliegender Teppich',NULL,5,3,NULL,1,NULL,NULL,NULL,NULL,'wj','3WJ07.02',''),(816,'0bb16c8c6c9a11a7242485505af88e18','Fliegender Teppich',NULL,5,3,NULL,1,NULL,NULL,NULL,NULL,'wj','3WJ07.03',''),(817,'73890f39794fb5814330ecd2256a40fa','Fliegender Teppich',NULL,5,3,NULL,1,NULL,NULL,NULL,NULL,'wj','3WJ07.04',''),(818,'2ca3a47e9a17147bd750392740769147','Fliegender Teppich',NULL,5,3,NULL,1,NULL,NULL,NULL,NULL,'wj','3WJ07.05',''),(819,'348565e65cb17f01a9ce012c46a3825b','Greif die Welt',NULL,5,3,NULL,1,NULL,NULL,NULL,NULL,'wj','3WJ08.01',''),(820,'7041eea02ed6410a626ec818fd0a4c8a','Greif die Welt',NULL,5,3,NULL,1,NULL,NULL,NULL,NULL,'wj','3WJ08.02',''),(821,'a78977251d521251b35ae96cb6f0b04a','Greif die Welt',NULL,5,3,NULL,1,NULL,NULL,NULL,NULL,'wj','3WJ08.03',''),(822,'459ef3a2cd74de532bfe35df37d42278','Greif die Welt',NULL,5,3,NULL,1,NULL,NULL,NULL,NULL,'wj','3WJ08.04',''),(823,'764fc23a68a6baafece10d975a900ec0','Greif die Welt',NULL,5,3,NULL,1,NULL,NULL,NULL,NULL,'wj','3WJ08.05',''),(824,'9e0d2b707b2f0c7446ad9282bd3ea8e8','Greif die Welt',NULL,5,3,NULL,1,NULL,NULL,NULL,NULL,'wj','3WJ08.06',''),(825,'7825ff5f392b61f955a6709f7fa641ea','Greif die Welt',NULL,5,3,NULL,1,NULL,NULL,NULL,NULL,'wj','3WJ08.07',''),(826,'79e9bbe465d1fc1be9f3bd873d1d45f6','Greif die Welt',NULL,5,3,NULL,1,NULL,NULL,NULL,NULL,'wj','3WJ08.08',''),(827,'cd5b769c7496471df469b95702b836bf','Jenga XXL',NULL,5,3,NULL,1,NULL,NULL,NULL,NULL,'wj','3WJ09.01',''),(828,'d1ea182d1367fde37dd7bcd9f7ddb762','Jenga XXL',NULL,5,3,NULL,1,NULL,NULL,NULL,NULL,'wj','3WJ09.02',''),(829,'b3c364729ea796ce607caa3d398968a2','Jenga XXL',NULL,5,3,NULL,1,NULL,NULL,NULL,NULL,'wj','3WJ09.03',''),(830,'18940b1161645acd8a328eeeb0cb7662','Jenga XXL',NULL,5,3,NULL,1,NULL,NULL,NULL,NULL,'wj','3WJ09.04',''),(831,'eae13f404f46ba212afaa504219e87d1','Menschenbingo',NULL,5,3,NULL,1,NULL,NULL,NULL,NULL,'wj','3WJ10.01',''),(832,'1df08b78989dd869fc79f5900cde36f6','Menschenbingo',NULL,5,3,NULL,1,NULL,NULL,NULL,NULL,'wj','3WJ10.02',''),(833,'ecfda7d2bc75b8816fda179f160e2855','Menschenbingo',NULL,5,3,NULL,1,NULL,NULL,NULL,NULL,'wj','3WJ10.03',''),(834,'75f482333f731d63299415a28caf8490','Menschenbingo',NULL,5,3,NULL,1,NULL,NULL,NULL,NULL,'wj','3WJ10.04',''),(835,'ff3acf77910d753dcf8042cfde84a8c4','Menschenbingo',NULL,5,3,NULL,1,NULL,NULL,NULL,NULL,'wj','3WJ10.05',''),(836,'5713cf8199bc1cfee854ccba20fa2e50','Menschenbingo',NULL,5,3,NULL,1,NULL,NULL,NULL,NULL,'wj','3WJ10.06',''),(837,'937296786976d8c268deb8300517593b','Menschenbingo',NULL,5,3,NULL,1,NULL,NULL,NULL,NULL,'wj','3WJ10.07',''),(838,'d4cbb332e1feb65ead974d2c7b697bf6','Menschenbingo',NULL,5,3,NULL,1,NULL,NULL,NULL,NULL,'wj','3WJ10.08',''),(839,'daec564977ca41964924a835e07d859e','Rushhour',NULL,5,3,NULL,1,NULL,NULL,NULL,NULL,'wj','3WJ11.01',''),(840,'25235b36bd916d04101af915caab92f2','Rushhour',NULL,5,3,NULL,1,NULL,NULL,NULL,NULL,'wj','3WJ11.02',''),(841,'9fbca0fbffecfeb6b1d38b884d98aeb3','Rushhour',NULL,5,3,NULL,1,NULL,NULL,NULL,NULL,'wj','3WJ11.03',''),(842,'3f116d72580a5ac127d49edcc57ef2a2','Rushhour',NULL,5,3,NULL,1,NULL,NULL,NULL,NULL,'wj','3WJ11.04',''),(843,'146a05fea3b09d37bc7c4fc903fe9118','Rushhour',NULL,5,3,NULL,1,NULL,NULL,NULL,NULL,'wj','3WJ11.05',''),(844,'b38b0e3c0281b221e3cbec9534eb814b','Rushhour',NULL,5,3,NULL,1,NULL,NULL,NULL,NULL,'wj','3WJ11.06',''),(845,'28fdac2846a7958c49a6c08e09b23e58','Rushhour',NULL,5,3,NULL,1,NULL,NULL,NULL,NULL,'wj','3WJ11.07',''),(846,'058324ba0389d86a476c93af2fe32fed','Rushhour',NULL,5,3,NULL,1,NULL,NULL,NULL,NULL,'wj','3WJ11.08',''),(847,'489c7b4940884d76ab41810dd98eb63b','Versteinern',NULL,5,3,NULL,1,NULL,NULL,NULL,NULL,'wj','3WJ12.01',''),(848,'3beab0063c8ca26ce4edd18385317472','Versteinern',NULL,5,3,NULL,1,NULL,NULL,NULL,NULL,'wj','3WJ12.02',''),(849,'681b46ad23abe4b6e86cac69fd82db9f','Versteinern',NULL,5,3,NULL,1,NULL,NULL,NULL,NULL,'wj','3WJ12.03',''),(850,'6f21edd29f0c2ddc1c6788108a63eeb7','Versteinern',NULL,5,3,NULL,1,NULL,NULL,NULL,NULL,'wj','3WJ12.04',''),(851,'4ccfd5b19d4c17ca4aa6936cc1588ced','Versteinern',NULL,5,3,NULL,1,NULL,NULL,NULL,NULL,'wj','3WJ12.05',''),(852,'63c23e5f9bf28189f0542deef48f1ed1','Versteinern',NULL,5,3,NULL,1,NULL,NULL,NULL,NULL,'wj','3WJ12.06',''),(853,'6d60ca56c5ced18b91ec2650b253d134','Versteinern',NULL,5,3,NULL,1,NULL,NULL,NULL,NULL,'wj','3WJ12.07',''),(854,'6012a18569b247298636f9450ffc807a','Versteinern',NULL,5,3,NULL,1,NULL,NULL,NULL,NULL,'wj','3WJ12.08',''),(855,'6d2cfafa2281e93906d0912bbdbf4e46','SchwarzWeißFangen',NULL,5,3,NULL,1,NULL,NULL,NULL,NULL,'wj','3WJ13.01',''),(856,'0d773be0035cd15f2c73fff157b7459a','SchwarzWeißFangen',NULL,5,3,NULL,1,NULL,NULL,NULL,NULL,'wj','3WJ13.02',''),(857,'8036f46e877ee2d4887a5ad255291f08','SchwarzWeißFangen',NULL,5,3,NULL,1,NULL,NULL,NULL,NULL,'wj','3WJ13.03',''),(858,'66da7d16b8a5465a4861416d578b47ac','SchwarzWeißFangen',NULL,5,3,NULL,1,NULL,NULL,NULL,NULL,'wj','3WJ13.04',''),(859,'e9454760b24a154418e7a7e551ff6061','SchwarzWeißFangen',NULL,5,3,NULL,1,NULL,NULL,NULL,NULL,'wj','3WJ13.05',''),(860,'68438f22510167b1f096f58830b2281d','SchwarzWeißFangen',NULL,5,3,NULL,1,NULL,NULL,NULL,NULL,'wj','3WJ13.06',''),(861,'788bd0e8eadfcf683fb8babd6dc9eb0a','SchwarzWeißFangen',NULL,5,3,NULL,1,NULL,NULL,NULL,NULL,'wj','3WJ13.07',''),(862,'8972f4c3a4c5523064f5390c338a7d5f','SchwarzWeißFangen',NULL,5,3,NULL,1,NULL,NULL,NULL,NULL,'wj','3WJ13.08',''),(863,'3e8062734437e200f58f787fcd274826','Wäscheklammern suchen',NULL,5,3,NULL,1,NULL,NULL,NULL,NULL,'wj','3WJ14.01',''),(864,'6862b8d379818cf0762b976f80c0bb71','Wäscheklammern suchen',NULL,5,3,NULL,1,NULL,NULL,NULL,NULL,'wj','3WJ14.02',''),(865,'ac4a533736bb6caf6044ae1680f0de7d','Wäscheklammern suchen',NULL,5,3,NULL,1,NULL,NULL,NULL,NULL,'wj','3WJ14.03',''),(866,'4d3f93c4157885ab58cf5a21e4aa73d8','Wäscheklammern suchen',NULL,5,3,NULL,1,NULL,NULL,NULL,NULL,'wj','3WJ14.04',''),(867,'cfbeeaa372fe281a453eae39538a6be6','Wäscheklammern suchen',NULL,5,3,NULL,1,NULL,NULL,NULL,NULL,'wj','3WJ14.05',''),(868,'63c2e4f2d79ec436fef8f92a414ab215','Wäscheklammern suchen',NULL,5,3,NULL,1,NULL,NULL,NULL,NULL,'wj','3WJ14.06',''),(869,'a9175b046285e5a85b02221d9b0ad9e2','Wäscheklammern suchen',NULL,5,3,NULL,1,NULL,NULL,NULL,NULL,'wj','3WJ14.07',''),(870,'190fb65aab40348f69a422062502de57','Wäscheklammern suchen',NULL,5,3,NULL,1,NULL,NULL,NULL,NULL,'wj','3WJ14.08',''),(871,'96074b6c50036df93ddb6319f0c2f5ab','Fliegender Teppich',NULL,5,3,NULL,1,NULL,NULL,NULL,NULL,'pr','3PR01.01',''),(872,'d583b965714c2834ebe50084759e3ff1','Fliegender Teppich',NULL,5,3,NULL,1,NULL,NULL,NULL,NULL,'pr','3PR01.02',''),(873,'fa73ecd298468cea82db3b80e29a9671','Fliegender Teppich',NULL,5,3,NULL,1,NULL,NULL,NULL,NULL,'pr','3PR01.03',''),(874,'fb0d7022e5bcd370e4e99466fc2dba0c','Fliegender Teppich',NULL,5,3,NULL,1,NULL,NULL,NULL,NULL,'pr','3PR01.04',''),(875,'ea3d7fb5dca7f58c8a0c640ef2ecbabb','Fliegender Teppich',NULL,5,3,NULL,1,NULL,NULL,NULL,NULL,'pr','3PR01.05',''),(876,'5586e2ac5a505347115bee656644f5e6','Fliegender Teppich',NULL,5,3,NULL,1,NULL,NULL,NULL,NULL,'pr','3PR01.06',''),(877,'f1be7521956897a3a1aa20916a2333ba','Planenraupe',NULL,5,3,NULL,1,NULL,NULL,NULL,NULL,'pr','3PR02.01',''),(878,'7d4c89c60cffb59acb95ff12da182392','Planenraupe',NULL,5,3,NULL,1,NULL,NULL,NULL,NULL,'pr','3PR02.02',''),(879,'999c1609afaa6d80998fb1b4bcdf9cbb','Planenraupe',NULL,5,3,NULL,1,NULL,NULL,NULL,NULL,'pr','3PR02.03',''),(880,'b89fdb6c80207f61c59272435d15bb90','Planenraupe',NULL,5,3,NULL,1,NULL,NULL,NULL,NULL,'pr','3PR02.04',''),(881,'894d9b007dc4171967242a6a67885e83','Planenraupe',NULL,5,3,NULL,1,NULL,NULL,NULL,NULL,'pr','3PR02.05',''),(882,'cab757e329233ff83eb9ea8484023c84','Amazonas',NULL,5,3,NULL,1,NULL,NULL,NULL,NULL,'pr','3PR03.01',''),(883,'b59c3d5b0179150044715ca0aba1c10a','Amazonas',NULL,5,3,NULL,1,NULL,NULL,NULL,NULL,'pr','3PR03.02',''),(884,'894382494e3487d401dae9c322c2dcfc','Amazonas',NULL,5,3,NULL,1,NULL,NULL,NULL,NULL,'pr','3PR03.03',''),(885,'ef8fded27054241cc3be531d37ad739d','Amazonas',NULL,5,3,NULL,1,NULL,NULL,NULL,NULL,'pr','3PR03.04',''),(886,'8fd0772c91e7ab048fee47ae88e5cc36','Amazonas',NULL,5,3,NULL,1,NULL,NULL,NULL,NULL,'pr','3PR03.05',''),(887,'c9edada728e1e23ba932f44a0d4bea40','Amazonas',NULL,5,3,NULL,1,NULL,NULL,NULL,NULL,'pr','3PR03.06',''),(888,'359bc163a05dc459048fa6826e94eea7','Buchstabensalat',NULL,5,3,NULL,1,NULL,NULL,NULL,NULL,'pr','3PR04.01',''),(889,'24783c8e89e9db1381c41dde7e4be410','Buchstabensalat',NULL,5,3,NULL,1,NULL,NULL,NULL,NULL,'pr','3PR04.02',''),(890,'48360945dcb9244ee3dce015e69dbd29','Buchstabensalat',NULL,5,3,NULL,1,NULL,NULL,NULL,NULL,'pr','3PR04.03',''),(891,'84c5c7e17ed8fbe309b940f430c8fdfd','Buchstabensalat',NULL,5,3,NULL,1,NULL,NULL,NULL,NULL,'pr','3PR04.04',''),(892,'11c97b9700efb3ea44281e9f10a73d7e','Buchstabensalat',NULL,5,3,NULL,1,NULL,NULL,NULL,NULL,'pr','3PR04.05',''),(893,'66a27cd46d81a0f6398c3a158654aebd','Acht gehen',NULL,5,3,NULL,1,NULL,NULL,NULL,NULL,'pr','3PR05.01',''),(894,'2e45fcaac587b73f102119595a0cf8f4','Acht gehen',NULL,5,3,NULL,1,NULL,NULL,NULL,NULL,'pr','3PR05.02',''),(895,'0252301e4be517f31f825ecf362b93a3','Acht gehen',NULL,5,3,NULL,1,NULL,NULL,NULL,NULL,'pr','3PR05.03',''),(896,'ddfe62a6a3e4f116a9962fcf59c61cee','Acht gehen',NULL,5,3,NULL,1,NULL,NULL,NULL,NULL,'pr','3PR05.04',''),(897,'4ff9eddd044224baa5bc5d71784d152c','Acht gehen',NULL,5,3,NULL,1,NULL,NULL,NULL,NULL,'pr','3PR05.05',''),(898,'10c9f7e9ed9b00608829c4738e213006','Acht gehen',NULL,5,3,NULL,1,NULL,NULL,NULL,NULL,'pr','3PR05.06',''),(899,'c94c92f07e18bf28ce6f4adaefd8b9bd','Blind Formen bilden',NULL,5,3,NULL,1,NULL,NULL,NULL,NULL,'pr','3PR06.01',''),(900,'4e7b454bd9795b6ebf5af7ffb909f305','Blind Formen bilden',NULL,5,3,NULL,1,NULL,NULL,NULL,NULL,'pr','3PR06.02',''),(901,'59ba7f8de13faa8488dfddc0fc136b7d','Blind Formen bilden',NULL,5,3,NULL,1,NULL,NULL,NULL,NULL,'pr','3PR06.03',''),(902,'e987fa4fdf95d3d0ae72d78d5253cea2','Blind Formen bilden',NULL,5,3,NULL,1,NULL,NULL,NULL,NULL,'pr','3PR06.04',''),(903,'dd0233cec73b8c20ade9f30063f4be3b','Blind Formen bilden',NULL,5,3,NULL,1,NULL,NULL,NULL,NULL,'pr','3PR06.05',''),(904,'b4d39088a6c00344a63eb45aca00c817','Blind Formen bilden',NULL,5,3,NULL,1,NULL,NULL,NULL,NULL,'pr','3PR06.06',''),(905,'0b0801dd9c866f9c49239cb378fe3c0f','Blind Formen bilden',NULL,5,3,NULL,1,NULL,NULL,NULL,NULL,'pr','3PR06.07',''),(906,'9a5a8e922630ee049284ca0eeb0de464','Blind Formen bilden',NULL,5,3,NULL,1,NULL,NULL,NULL,NULL,'pr','3PR06.08',''),(907,'7528e69457c58ebba9c95226a70a75f7','Der Reihe nach aufstellen',NULL,5,3,NULL,1,NULL,NULL,NULL,NULL,'pr','3PR07.01',''),(908,'70b400389781c4c2cf4f51641c1d4d91','Der Reihe nach aufstellen',NULL,5,3,NULL,1,NULL,NULL,NULL,NULL,'pr','3PR07.02',''),(909,'447c69e319bce834e9630c55b74e379b','Der Reihe nach aufstellen',NULL,5,3,NULL,1,NULL,NULL,NULL,NULL,'pr','3PR07.03',''),(910,'236f9470826a1aa7f79b9c3a53a70a0f','Der Reihe nach aufstellen',NULL,5,3,NULL,1,NULL,NULL,NULL,NULL,'pr','3PR07.04',''),(911,'a81acfd5e5065f6c43841bb6ac1bf27e','Rushhour',NULL,5,3,NULL,1,NULL,NULL,NULL,NULL,'pr','3PR08.01',''),(912,'93c10d2f64bda3a10c4c1b9260323371','Rushhour',NULL,5,3,NULL,1,NULL,NULL,NULL,NULL,'pr','3PR08.02',''),(913,'2336103eb10202ad3f2583e96b64a2d3','Rushhour',NULL,5,3,NULL,1,NULL,NULL,NULL,NULL,'pr','3PR08.03',''),(914,'cfdbf3baaef49b14a1f4f646e641c018','Rushhour',NULL,5,3,NULL,1,NULL,NULL,NULL,NULL,'pr','3PR08.04',''),(915,'a38140d280159bc7171ada9fe94f546c','Rushhour',NULL,5,3,NULL,1,NULL,NULL,NULL,NULL,'pr','3PR08.05',''),(916,'cc29650d8ac140db51cdf59ec285ff51','Rushhour',NULL,5,3,NULL,1,NULL,NULL,NULL,NULL,'pr','3PR08.06',''),(917,'d32e7d64ab0f079cc61646b888284de2','Rushhour',NULL,5,3,NULL,1,NULL,NULL,NULL,NULL,'pr','3PR08.07',''),(918,'57a46ecc4cae0a188a2c115f754997b3','Rushhour',NULL,5,3,NULL,1,NULL,NULL,NULL,NULL,'pr','3PR08.08',''),(919,'394ba25ee15af8c21e2c9580945437ff','Schreibmaschine',NULL,5,3,NULL,1,NULL,NULL,NULL,NULL,'pr','3PR09.01',''),(920,'a889a72d411fcd5e0d1cadc46f28799d','Schreibmaschine',NULL,5,3,NULL,1,NULL,NULL,NULL,NULL,'pr','3PR09.02',''),(921,'4ae1dacafad9e33e5e95b851d5863d5a','Schreibmaschine',NULL,5,3,NULL,1,NULL,NULL,NULL,NULL,'pr','3PR09.03',''),(922,'9b511cd9552899dd717be1faa325ec79','Schreibmaschine',NULL,5,3,NULL,1,NULL,NULL,NULL,NULL,'pr','3PR09.04',''),(923,'13df7b30a4a8d2b9a4d0fa0e15a3f5b6','Schreibmaschine',NULL,5,3,NULL,1,NULL,NULL,NULL,NULL,'pr','3PR09.05',''),(924,'c90d0544e4993235057d4b4e36e7e6a9','Körner schätzen',NULL,5,3,NULL,1,NULL,NULL,NULL,NULL,'pr','3PR10.01',''),(925,'3e0e0e91558392795a463cf0a2a95ccf','Körner schätzen',NULL,5,3,NULL,1,NULL,NULL,NULL,NULL,'pr','3PR10.02',''),(926,'e71c2a4d99be0218f8c9dceb8c24fde8','Körner schätzen',NULL,5,3,NULL,1,NULL,NULL,NULL,NULL,'pr','3PR10.03',''),(927,'b0a268c636979f5a7ed50dbe41fbdb93','Körner schätzen',NULL,5,3,NULL,1,NULL,NULL,NULL,NULL,'pr','3PR10.04',''),(928,'7db6fe14a0b310986e205e8f67b392ca','Körner schätzen',NULL,5,3,NULL,1,NULL,NULL,NULL,NULL,'pr','3PR10.05',''),(929,'c6baa978af08f3fde2e7828689b90b19','Alaska-Football',NULL,5,4,NULL,1,NULL,NULL,NULL,NULL,'wjpr','4WJPR01.01',''),(930,'207c8320de2fd11f22ff4a88fc1a85da','Alaska-Football',NULL,5,4,NULL,1,NULL,NULL,NULL,NULL,'wjpr','4WJPR01.02',''),(931,'120007005c5dea9a079350914dbcc5c4','Ampelspiel',NULL,5,4,NULL,1,NULL,NULL,NULL,NULL,'wjpr','4WJPR02.01',''),(932,'7a2d4f08500fbbe01d26cc85440365bf','Ampelspiel',NULL,5,4,NULL,1,NULL,NULL,NULL,NULL,'wjpr','4WJPR02.02',''),(933,'72a133b54e4129e1f81efc0fd183dc16','Orgelpfeifen',NULL,5,4,NULL,1,NULL,NULL,NULL,NULL,'wjpr','4WJPR03.01',''),(934,'a79e51ae677a4727670aca157d7ac239','Der Wanderer',NULL,5,4,NULL,1,NULL,NULL,NULL,NULL,'wjpr','4WJPR04.01',''),(935,'964cd8670690b910e8eaab787ad30f14','Der Wanderer',NULL,5,4,NULL,1,NULL,NULL,NULL,NULL,'wjpr','4WJPR04.02',''),(936,'be24ab7a253ec2858a2f9e80d165c5f6','Des Grizzlys Schatz',NULL,5,4,NULL,1,NULL,NULL,NULL,NULL,'wjpr','4WJPR05.01',''),(937,'fbe4df3156644150a1a3875a49b98b05','Des Grizzlys Schatz',NULL,5,4,NULL,1,NULL,NULL,NULL,NULL,'wjpr','4WJPR05.02',''),(938,'8fba17d9e07e1a81033d0bddd4619256','Fußkreis',NULL,5,4,NULL,1,NULL,NULL,NULL,NULL,'wjpr','4WJPR06.01',''),(939,'4a8f10eef7819c71c5678a0e5acf4fcb','Fußkreis',NULL,5,4,NULL,1,NULL,NULL,NULL,NULL,'wjpr','4WJPR06.02',''),(940,'d4b746120ce82b9557b587abb67b2bb8','Fußkreis',NULL,5,4,NULL,1,NULL,NULL,NULL,NULL,'wjpr','4WJPR06.03',''),(941,'fb46c47aa0cee2d63cb7b9695314de36','Kissenrennen',NULL,5,4,NULL,1,NULL,NULL,NULL,NULL,'wjpr','4WJPR07.01',''),(942,'ee19f20c752757364ab165d0d1c215aa','Kissenrennen',NULL,5,4,NULL,1,NULL,NULL,NULL,NULL,'wjpr','4WJPR07.02',''),(943,'d7e21eee4ac019a765ff01ebdff01a40','Kurze Lachpause',NULL,5,4,NULL,1,NULL,NULL,NULL,NULL,'wjpr','4WJPR08.01',''),(944,'bffd87b2ff85474a4474f19576e6e707','Kurze Lachpause',NULL,5,4,NULL,1,NULL,NULL,NULL,NULL,'wjpr','4WJPR08.02',''),(945,'9be3d8fb4d3232b6911c59094b17c518','Kurze Lachpause',NULL,5,4,NULL,1,NULL,NULL,NULL,NULL,'wjpr','4WJPR08.03',''),(946,'b985f755ede6b9288e7c8a2213bce13f','Lilie',NULL,5,4,NULL,1,NULL,NULL,NULL,NULL,'wjpr','4WJPR09.01',''),(947,'758e184921adea1eea09adc0cbf7b36b','Menschliches Fehlersuchspiel',NULL,5,4,NULL,1,NULL,NULL,NULL,NULL,'wjpr','4WJPR10.01',''),(948,'5572ca1e478b2bc7c2badc2f9573a26c','Herr Kontakto',NULL,5,4,NULL,1,NULL,NULL,NULL,NULL,'wjpr','4WJPR11.01',''),(949,'4d6adf38ee0f98b441f305eade26ddbd','Herr Kontakto',NULL,5,4,NULL,1,NULL,NULL,NULL,NULL,'wjpr','4WJPR11.02',''),(950,'d24f673da2be60cdc40d859b9fb2646d','Herr Kontakto',NULL,5,4,NULL,1,NULL,NULL,NULL,NULL,'wjpr','4WJPR11.03',''),(951,'fb59cdf8e4c85e2c94b8ccb7b63c9ae6','Herr Kontakto',NULL,5,4,NULL,1,NULL,NULL,NULL,NULL,'wjpr','4WJPR11.04',''),(952,'dc699b777584e672bc80ca2c8191bccf','Ninja',NULL,5,4,NULL,1,NULL,NULL,NULL,NULL,'wjpr','4WJPR12.01',''),(953,'1147c3a86995be54e6c5578e854035f7','Ninja',NULL,5,4,NULL,1,NULL,NULL,NULL,NULL,'wjpr','4WJPR12.02',''),(954,'93816e453816d118827b20d9242b7d8e','Ninja',NULL,5,4,NULL,1,NULL,NULL,NULL,NULL,'wjpr','4WJPR12.03',''),(955,'da291c4a9f6217f8cb3d42eaecb7b2e5','Personenmemory',NULL,5,4,NULL,1,NULL,NULL,NULL,NULL,'wjpr','4WJPR13.01',''),(956,'5d7c53e1f7cfc1442fbd7405e8fc63c5','Personenmemory',NULL,5,4,NULL,1,NULL,NULL,NULL,NULL,'wjpr','4WJPR13.02',''),(957,'526b0288e9848b385a0ff0a896237a37','Pinguin',NULL,5,4,NULL,1,NULL,NULL,NULL,NULL,'wjpr','4WJPR14.01',''),(958,'accdc0ab11674e8ef8f41f6d88897983','Planetenumkreisung',NULL,5,4,NULL,1,NULL,NULL,NULL,NULL,'wjpr','4WJPR15.01',''),(959,'4f3cf5d5b2dfab58f931d595c947d917','Planetenumkreisung',NULL,5,4,NULL,1,NULL,NULL,NULL,NULL,'wjpr','4WJPR15.02',''),(960,'cd2e33b8cd48cbf3ac4cf9b7d0c4561a','Planetenumkreisung',NULL,5,4,NULL,1,NULL,NULL,NULL,NULL,'wjpr','4WJPR15.03',''),(961,'f68f320474cabf80adf7b57d9b5fbf9e','Riesentwister',NULL,5,4,NULL,1,NULL,NULL,NULL,NULL,'wjpr','4WJPR16.01',''),(962,'165715c593ae0602f25d09aa68b6ddd6','Riesentwister',NULL,5,4,NULL,1,NULL,NULL,NULL,NULL,'wjpr','4WJPR16.02',''),(963,'b3f81a96dffb75316d7fa7dae14382f5','Schallmauer',NULL,5,4,NULL,1,NULL,NULL,NULL,NULL,'wjpr','4WJPR17.01',''),(964,'9326d85d94b5560370f1f4d4d31e289b','Schallmauer',NULL,5,4,NULL,1,NULL,NULL,NULL,NULL,'wjpr','4WJPR17.02',''),(965,'c6f85eeb4971755435b985e96027f4b2','Schallmauer',NULL,5,4,NULL,1,NULL,NULL,NULL,NULL,'wjpr','4WJPR17.03',''),(966,'19a17a1f84da0585debf2c88fa851000','Der Schwammtreff',NULL,5,4,NULL,1,NULL,NULL,NULL,NULL,'wjpr','4WJPR18.01',''),(967,'7fbeb234932560e5036a8f1fa98f36a7','Das Toaster-Spiel',NULL,5,4,NULL,1,NULL,NULL,NULL,NULL,'wjpr','4WJPR19.01',''),(968,'ddf9a5b25ca8a2f6ff9f7efb8ca1e583','Das Toaster-Spiel',NULL,5,4,NULL,1,NULL,NULL,NULL,NULL,'wjpr','4WJPR19.02',''),(969,'81d8083d4ed2729f8e884fcfa6cfe5bb','Das Toaster-Spiel',NULL,5,4,NULL,1,NULL,NULL,NULL,NULL,'wjpr','4WJPR19.03',''),(970,'26af87bbdedd64ed8944f6ce7f6d0b64','Weben',NULL,5,4,NULL,1,NULL,NULL,NULL,NULL,'wjpr','4WJPR20.01',''),(971,'dcb7a71d5fcc6ad95ea2845b687b6f82','Zeichnen nach Ansage',NULL,5,4,NULL,1,NULL,NULL,NULL,NULL,'wjpr','4WJPR21.01',''),(972,'e51a23556b0c792cb8ea2a5d069b2d41','Zeichnen nach Ansage',NULL,5,4,NULL,1,NULL,NULL,NULL,NULL,'wjpr','4WJPR21.02',''),(973,'7857eb66bf8df4073d7ebfc9915e2174','Zeichnen nach Ansage',NULL,5,4,NULL,1,NULL,NULL,NULL,NULL,'wjpr','4WJPR21.03',''),(974,'8b3e709899a1c2d8e413485142622d25','Zeichnen nach Ansage',NULL,5,4,NULL,1,NULL,NULL,NULL,NULL,'wjpr','4WJPR21.04',''),(975,'0c7c7afdc8830d446ec7959c180322c9','Alle die',NULL,5,4,NULL,1,NULL,NULL,NULL,NULL,'wjpr','4WJPR22.01',''),(976,'159aa678d482f20dbc67f42abf6a0d80','Alle die',NULL,5,4,NULL,1,NULL,NULL,NULL,NULL,'wjpr','4WJPR22.02',''),(977,'851465a9e62ead88fdca670543a800a8','Alle die',NULL,5,4,NULL,1,NULL,NULL,NULL,NULL,'wjpr','4WJPR22.03',''),(978,'a559cc483b52f3da8963e4e31f2a76aa','Alle die',NULL,5,4,NULL,1,NULL,NULL,NULL,NULL,'wjpr','4WJPR22.04',''),(979,'29bf79ac7ef5793d121b9356aacf9e94','J to J',NULL,5,4,NULL,1,NULL,NULL,NULL,NULL,'wjpr','4WJPR23.01',''),(980,'d44cdcdc71dadbc8db4834c655098c79','J to J',NULL,5,4,NULL,1,NULL,NULL,NULL,NULL,'wjpr','4WJPR23.02',''),(981,'20bd665789466b3a3c6fc6e40ef635f7','J to J',NULL,5,4,NULL,1,NULL,NULL,NULL,NULL,'wjpr','4WJPR23.03',''),(982,'5fa34071709a4723c296e0e0fcdc7b2d','J to J',NULL,5,4,NULL,1,NULL,NULL,NULL,NULL,'wjpr','4WJPR23.04',''),(983,'2c0e932c61d69362d6c02812b8b56a6f','Farben berühren',NULL,5,4,NULL,1,NULL,NULL,NULL,NULL,'wjpr','4WJPR24.01',''),(984,'88cebc02d9940cc9682fddd83e85987a','Farben berühren',NULL,5,4,NULL,1,NULL,NULL,NULL,NULL,'wjpr','4WJPR24.02',''),(985,'3b179741508f7789026dd357b96804fd','Farben berühren',NULL,5,4,NULL,1,NULL,NULL,NULL,NULL,'wjpr','4WJPR24.03',''),(986,'e23a1dcee49e231fec41fc5a22b4c133','Farben berühren',NULL,5,4,NULL,1,NULL,NULL,NULL,NULL,'wjpr','4WJPR24.04',''),(987,'6629849cf43b4d04dd4eb6bb982c3a41','Familie Meier',NULL,5,4,NULL,1,NULL,NULL,NULL,NULL,'wjpr','4WJPR25.01',''),(988,'d40fe8b06afcd1943a75899ab7f265ff','Familie Meier',NULL,5,4,NULL,1,NULL,NULL,NULL,NULL,'wjpr','4WJPR25.02',''),(989,'3e5552c2b5826232d150ebf325571bbd','Familie Meier',NULL,5,4,NULL,1,NULL,NULL,NULL,NULL,'wjpr','4WJPR25.03',''),(990,'59c9e484b87d7b172bc638e43625ed20','Familie Meier',NULL,5,4,NULL,1,NULL,NULL,NULL,NULL,'wjpr','4WJPR25.04',''),(991,'34adc0012c4ea31e3408389319267906','Bewegungskanon',NULL,5,5,NULL,1,NULL,NULL,NULL,NULL,'wjpr','5WJPR01.01',''),(992,'30e2d9dc6c45cce3bcc82e7b9cd1b717','Bewegungskanon',NULL,5,5,NULL,1,NULL,NULL,NULL,NULL,'wjpr','5WJPR01.02',''),(993,'cdf28bdd5bbc23a2a0d1771702e289e3','Bewegungskanon',NULL,5,5,NULL,1,NULL,NULL,NULL,NULL,'wjpr','5WJPR01.03',''),(994,'52f4e97a7b1ad022b8c74c12aea182f5','Bierdeckel werfen',NULL,5,5,NULL,1,NULL,NULL,NULL,NULL,'wjpr','5WJPR02.01',''),(995,'fe3820cd3dc95db6b48cd7ea127e8f19','Bierdeckel werfen',NULL,5,5,NULL,1,NULL,NULL,NULL,NULL,'wjpr','5WJPR02.02',''),(996,'001e599b36975ec02e2c3051e6f179f4','Buchstabenjagd',NULL,5,5,NULL,1,NULL,NULL,NULL,NULL,'wjpr','5WJPR03.01',''),(997,'0ae4898b6f16e68b209171cb702be092','Buchstabenjagd',NULL,5,5,NULL,1,NULL,NULL,NULL,NULL,'wjpr','5WJPR03.02',''),(998,'8949a800df0064f9717b5472d56fb0d6','Buchstabenjagd',NULL,5,5,NULL,1,NULL,NULL,NULL,NULL,'wjpr','5WJPR03.03',''),(999,'464a289fe90b952a1bf7095f119c64cb','Buchstabenjagd',NULL,5,5,NULL,1,NULL,NULL,NULL,NULL,'wjpr','5WJPR03.04',''),(1000,'5460965ea381632c9737731bfd0eed30','Evolution',NULL,5,5,NULL,1,NULL,NULL,NULL,NULL,'wjpr','5WJPR04.01',''),(1001,'f682b9da0b00affd8a754a4db2b8ec97','Evolution',NULL,5,5,NULL,1,NULL,NULL,NULL,NULL,'wjpr','5WJPR04.02',''),(1002,'14fd50e97553fd1949ddad98f36e6791','Evolution',NULL,5,5,NULL,1,NULL,NULL,NULL,NULL,'wjpr','5WJPR04.03',''),(1003,'03a7c1c7f8dc514a987fe0f7dfd6ba6a','Evolution',NULL,5,5,NULL,1,NULL,NULL,NULL,NULL,'wjpr','5WJPR04.04',''),(1004,'abed12aa81f0896d8ce2bde7f05cedc5','Menschenpyramide',NULL,5,5,NULL,1,NULL,NULL,NULL,NULL,'wjpr','5WJPR05.01',''),(1005,'eb2154daa97afd31a26dfce56fe6ac61','Menschenpyramide',NULL,5,5,NULL,1,NULL,NULL,NULL,NULL,'wjpr','5WJPR05.02',''),(1006,'10adf0e1ed453bc46fc8ab772acc7a9d','Menschenpyramide',NULL,5,5,NULL,1,NULL,NULL,NULL,NULL,'wjpr','5WJPR05.03',''),(1007,'269abf4dfd0dfca56699b6b182fcf25f','Menschenpyramide',NULL,5,5,NULL,1,NULL,NULL,NULL,NULL,'wjpr','5WJPR05.04',''),(1008,'2874468789381d64ea37b84ab536ce29','Sandburgenbau',NULL,5,5,NULL,1,NULL,NULL,NULL,NULL,'wjpr','5WJPR06.01',''),(1009,'312e14bceb03507687cb4783c67a587f','Sandburgenbau',NULL,5,5,NULL,1,NULL,NULL,NULL,NULL,'wjpr','5WJPR06.02',''),(1010,'2d07e17afb7b87d9baf43748442f4410','Sandburgenbau',NULL,5,5,NULL,1,NULL,NULL,NULL,NULL,'wjpr','5WJPR06.03',''),(1011,'4bca2950e403b76c1a52a9c5da36e4c3','Schwungtuch',NULL,5,5,NULL,1,NULL,NULL,NULL,NULL,'wjpr','5WJPR07.01',''),(1012,'0eb0384d0a9300523af066f87fe47717','Seil abschlagen',NULL,5,5,NULL,1,NULL,NULL,NULL,NULL,'wjpr','5WJPR08.01',''),(1013,'81dce69223d4fb746af13594011bad2f','Seil abschlagen',NULL,5,5,NULL,1,NULL,NULL,NULL,NULL,'wjpr','5WJPR08.02',''),(1014,'130634ab72aa9648221eb0f63ee2b526','Seil abschlagen',NULL,5,5,NULL,1,NULL,NULL,NULL,NULL,'wjpr','5WJPR08.03',''),(1015,'0a603408cd96235588aa426d6c25cf45','Seil abschlagen',NULL,5,5,NULL,1,NULL,NULL,NULL,NULL,'wjpr','5WJPR08.04',''),(1016,'6201e0413399add089727bc4e72f5074','Weltbester Schlüsseldienst',NULL,5,5,NULL,1,NULL,NULL,NULL,NULL,'wjpr','5WJPR09.01',''),(1017,'7293737f2e285063b88cc43ec4e67ba5','Weltbester Schlüsseldienst',NULL,5,5,NULL,1,NULL,NULL,NULL,NULL,'wjpr','5WJPR09.02',''),(1018,'38b6291bd9cbb1fba10111f6ab684e1f','Wo tickt der Wecker?',NULL,5,5,NULL,1,NULL,NULL,NULL,NULL,'wjpr','5WJPR10.01',''),(1019,'9cc5eba687f29d8dbced5552003b7e66','Wo tickt der Wecker?',NULL,5,5,NULL,1,NULL,NULL,NULL,NULL,'wjpr','5WJPR10.02',''),(1020,'18c4e5a52e76e76d8b72ae470b0fd73c','Bubble Balls',NULL,5,6,NULL,1,NULL,NULL,NULL,NULL,'wjpr','6WJPR01.01',''),(1021,'937a4344db5dfc4b295448796fdcbf97','Dschungel',NULL,5,6,NULL,1,NULL,NULL,NULL,NULL,'wjpr','6WJPR02.01',''),(1022,'967a68de0565f6212e90536e5f92396b','Dschungel',NULL,5,6,NULL,1,NULL,NULL,NULL,NULL,'wjpr','6WJPR02.02',''),(1023,'a24c92ea30123f7f53a0b0c4f9e9920e','Dschungel',NULL,5,6,NULL,1,NULL,NULL,NULL,NULL,'wjpr','6WJPR02.03',''),(1024,'cdf4ab73d149bc6a121bdc20926e0647','Eichhörnchen',NULL,5,6,NULL,1,NULL,NULL,NULL,NULL,'wjpr','6WJPR03.01',''),(1025,'864b879bf885dd9d00afd9b45793bcb6','Eichhörnchen',NULL,5,6,NULL,1,NULL,NULL,NULL,NULL,'wjpr','6WJPR03.02',''),(1026,'d01cf9eeb03fe24e1a934f188df0f31c','Eichhörnchen',NULL,5,6,NULL,1,NULL,NULL,NULL,NULL,'wjpr','6WJPR03.03',''),(1027,'af9c30f497b7b81fc7314398e6deea36','Feuer Wasser Land',NULL,5,6,NULL,1,NULL,NULL,NULL,NULL,'wjpr','6WJPR04.01',''),(1028,'b60c989f50bb0d8320c74732728c1afb','Wassersteigrohr',NULL,5,6,NULL,1,NULL,NULL,NULL,NULL,'wjpr','6WJPR05.01',''),(1029,'70183799ae1afbf8208f5e32a00efffe','Wassersteigrohr',NULL,5,6,NULL,1,NULL,NULL,NULL,NULL,'wjpr','6WJPR05.02',''),(1030,'dd3a6565952750c39348b682729156cd','Wassersteigrohr',NULL,5,6,NULL,1,NULL,NULL,NULL,NULL,'wjpr','6WJPR05.03',''),(1031,'e729e56c5ee3069f04dda7ce8557eaa6','DreamTeam',NULL,5,6,NULL,1,NULL,NULL,NULL,NULL,'wjpr','6WJPR06.01',''),(1032,'0444b9385240eebac46a03ee012ae071','DreamTeam',NULL,5,6,NULL,1,NULL,NULL,NULL,NULL,'wjpr','6WJPR06.02',''),(1033,'3f31d5e811739a75e82e8799d84c7209','DreamTeam',NULL,5,6,NULL,1,NULL,NULL,NULL,NULL,'wjpr','6WJPR06.03',''),(1034,'ebe843d777c82dee84de1015663f3cf3','DreamTeam',NULL,5,6,NULL,1,NULL,NULL,NULL,NULL,'wjpr','6WJPR06.04',''),(1035,'b545167e12675afe8df722442207607d','1, 2 oder 3',NULL,5,6,NULL,1,NULL,NULL,NULL,NULL,'wjpr','6WJPR07.01',''),(1036,'c43d50fb96e7abd6a2ba4786ec040890','1, 2 oder 4',NULL,5,6,NULL,1,NULL,NULL,NULL,NULL,'wjpr','6WJPR07.02',''),(1037,'974984737b7492bec3466fb068964c5b','1, 2 oder 5',NULL,5,6,NULL,1,NULL,NULL,NULL,NULL,'wjpr','6WJPR07.03',''),(1038,'02f72533a9e17152623ada7f1f55ffaa','Gordischer Knoten',NULL,5,7,NULL,1,NULL,NULL,NULL,NULL,'wjpr','7WJPR01.01',''),(1039,'291ecbdfaed9340364f9d26d0079ddaf','Gordischer Knoten',NULL,5,7,NULL,1,NULL,NULL,NULL,NULL,'wjpr','7WJPR01.02',''),(1040,'8d241e4cef84b9e824e60c110d1113ee','Zoo fangen',NULL,5,7,NULL,1,NULL,NULL,NULL,NULL,'wjpr','7WJPR02.01',''),(1041,'206e2965c3ff38777aa7c61ff3d012cd','Zoo fangen',NULL,5,7,NULL,1,NULL,NULL,NULL,NULL,'wjpr','7WJPR02.02',''),(1042,'b98cc829cd9fc2c0d3c359943e1357ee','Zoo fangen',NULL,5,7,NULL,1,NULL,NULL,NULL,NULL,'wjpr','7WJPR02.03',''),(1043,'091f659001ebd526fca5d38bb4d2308e','Zoo fangen',NULL,5,7,NULL,1,NULL,NULL,NULL,NULL,'wjpr','7WJPR02.04',''),(1044,'109e433873bcea8dfd7f3abc10592e56','DominoDay',NULL,5,7,NULL,1,NULL,NULL,NULL,NULL,'wjpr','7WJPR03.01','');
/*!40000 ALTER TABLE `game` ENABLE KEYS */;
UNLOCK TABLES;

--
-- Table structure for table `game_subject`
--

DROP TABLE IF EXISTS `game_subject`;
/*!40101 SET @saved_cs_client     = @@character_set_client */;
/*!40101 SET character_set_client = utf8 */;
CREATE TABLE `game_subject` (
  `id` int(11) NOT NULL AUTO_INCREMENT,
  `name` varchar(45) DEFAULT NULL,
  `description` varchar(45) DEFAULT NULL,
  `done_color` varchar(45) DEFAULT NULL,
  `todo_color` varchar(45) DEFAULT NULL,
  PRIMARY KEY (`id`)
) ENGINE=InnoDB AUTO_INCREMENT=25 DEFAULT CHARSET=utf8;
/*!40101 SET character_set_client = @saved_cs_client */;

--
-- Dumping data for table `game_subject`
--

LOCK TABLES `game_subject` WRITE;
/*!40000 ALTER TABLE `game_subject` DISABLE KEYS */;
INSERT INTO `game_subject` VALUES (1,'Die Elemente und wir',NULL,'#73d216','#fce94f'),(2,'Wir in der Stadt',NULL,'#73d216','#eeeeec'),(3,'Damals war alles besser',NULL,'#73d216','#f57900'),(4,'Anders ist Einzig, nicht artig',NULL,'#73d216','#e9b96e'),(5,'Irgendwas mit Gott',NULL,'#73d216','#729fcf'),(6,'Technik die begeistert',NULL,'#73d216','#ad7fa8'),(7,'Wir in Aktion',NULL,'#73d216','#888a85'),(8,'Pack’s An',NULL,'#73d216','#ef2929'),(9,'Wir haben Phantasie',NULL,'#73d216','#fce94f'),(10,'Gefühlsecht',NULL,'#73d216','#eeeeec'),(11,'Wir miteinander',NULL,'#73d216','#f57900'),(12,'Baden-Powell 2.0',NULL,'#73d216','#e9b96e'),(13,'Feuer im Hintern!?',NULL,'#73d216','#729fcf'),(14,'Bild dir deine Meinung!',NULL,'#73d216','#ad7fa8'),(15,'Zukunftsmusik',NULL,'#73d216','#888a85'),(16,'Be A Star',NULL,'#73d216','#ef2929'),(17,'Wasser macht nass',NULL,'#73d216','#fce94f'),(18,'Mehr Meer, mehr Mär',NULL,'#73d216','#eeeeec'),(19,'Iss, Kind!',NULL,'#73d216','#f57900'),(20,'Ein bischen Frieden',NULL,'#73d216','#e9b96e'),(21,'Die Erde ist rund',NULL,'#73d216','#ad7fa8'),(22,'Keine Luft zum Atmen',NULL,'#73d216','#ef2929'),(23,'We are the world',NULL,'#73d216','#e9b96e');
/*!40000 ALTER TABLE `game_subject` ENABLE KEYS */;
UNLOCK TABLES;

--
-- Table structure for table `joker`
--

DROP TABLE IF EXISTS `joker`;
/*!40101 SET @saved_cs_client     = @@character_set_client */;
/*!40101 SET character_set_client = utf8 */;
CREATE TABLE `joker` (
  `id` int(11) NOT NULL AUTO_INCREMENT,
  `jokercode` varchar(32) DEFAULT NULL,
  `joker_used` tinyint(4) DEFAULT NULL,
  `created` int(11) DEFAULT NULL,
  PRIMARY KEY (`id`)
) ENGINE=InnoDB AUTO_INCREMENT=10 DEFAULT CHARSET=utf8;
/*!40101 SET character_set_client = @saved_cs_client */;

--
-- Dumping data for table `joker`
--

LOCK TABLES `joker` WRITE;
/*!40000 ALTER TABLE `joker` DISABLE KEYS */;
INSERT INTO `joker` VALUES (1,'788ac26d2b0ad74d11789136ee2912e6',0,NULL),(2,'2a5af6f342196932440469aec3717bdb',0,NULL),(3,'2cae7a1c098662e8edc54d117a6fba11',0,NULL),(4,'70be68914b033787c335778168671eb7',0,NULL),(5,'760b643ca78c73eb69da2a98f3d6f833',0,NULL),(6,'f577576e451dcb547a4af91152fedc9e',0,1486503342),(7,'0401b6dcbf215bbdd68aa80b7be78b57',0,1486503381),(8,'64aa4e0daefbd3e309ac7f48bf558b0c',0,1486503412),(9,'7b05f67f3aa363975d009c2c4b0dc629',0,1486544063);
/*!40000 ALTER TABLE `joker` ENABLE KEYS */;
UNLOCK TABLES;

--
-- Table structure for table `level`
--

DROP TABLE IF EXISTS `level`;
/*!40101 SET @saved_cs_client     = @@character_set_client */;
/*!40101 SET character_set_client = utf8 */;
CREATE TABLE `level` (
  `id` int(11) NOT NULL AUTO_INCREMENT,
  `name` varchar(45) DEFAULT NULL,
  `number` int(11) DEFAULT NULL,
  PRIMARY KEY (`id`)
) ENGINE=InnoDB AUTO_INCREMENT=8 DEFAULT CHARSET=utf8;
/*!40101 SET character_set_client = @saved_cs_client */;

--
-- Dumping data for table `level`
--

LOCK TABLES `level` WRITE;
/*!40000 ALTER TABLE `level` DISABLE KEYS */;
INSERT INTO `level` VALUES (1,'Level 1',1),(2,'Level 2',2),(3,'Level 3',3),(4,'Level 4',4),(5,'Level 5',5),(6,'Level 6',6),(7,'Level 7',7);
/*!40000 ALTER TABLE `level` ENABLE KEYS */;
UNLOCK TABLES;

--
-- Table structure for table `location`
--

DROP TABLE IF EXISTS `location`;
/*!40101 SET @saved_cs_client     = @@character_set_client */;
/*!40101 SET character_set_client = utf8 */;
CREATE TABLE `location` (
  `id` int(11) NOT NULL AUTO_INCREMENT,
  `name` varchar(45) DEFAULT NULL,
  `description` varchar(45) DEFAULT NULL,
  PRIMARY KEY (`id`)
) ENGINE=InnoDB AUTO_INCREMENT=2 DEFAULT CHARSET=utf8;
/*!40101 SET character_set_client = @saved_cs_client */;

--
-- Dumping data for table `location`
--

LOCK TABLES `location` WRITE;
/*!40000 ALTER TABLE `location` DISABLE KEYS */;
INSERT INTO `location` VALUES (1,'Ort','Hier');
/*!40000 ALTER TABLE `location` ENABLE KEYS */;
UNLOCK TABLES;

--
-- Table structure for table `member`
--

DROP TABLE IF EXISTS `member`;
/*!40101 SET @saved_cs_client     = @@character_set_client */;
/*!40101 SET character_set_client = utf8 */;
CREATE TABLE `member` (
  `id` int(11) NOT NULL AUTO_INCREMENT,
  `name` varchar(45) DEFAULT NULL,
  `first_name` varchar(45) DEFAULT NULL,
  `team_id` int(11) DEFAULT NULL,
  `grade` varchar(45) DEFAULT NULL,
  `passcode` varchar(45) DEFAULT NULL,
  PRIMARY KEY (`id`),
  KEY `fk_member_team1_idx` (`team_id`),
  CONSTRAINT `fk_member_team1` FOREIGN KEY (`team_id`) REFERENCES `team` (`id`) ON DELETE NO ACTION ON UPDATE NO ACTION
) ENGINE=InnoDB AUTO_INCREMENT=15 DEFAULT CHARSET=utf8;
/*!40101 SET character_set_client = @saved_cs_client */;

--
-- Dumping data for table `member`
--

LOCK TABLES `member` WRITE;
/*!40000 ALTER TABLE `member` DISABLE KEYS */;
INSERT INTO `member` VALUES (1,'Member 1','Peter',1,'woe','68d5c9dfbb3d45ecd77d609b8eca1ebd'),(2,'Member 2','Klaus',1,'woe','a3715699b7c3b00b81d64799245f0f47'),(3,'Member 3','Ulrike',1,'woe','5f8dd29a3fc26e057b5d3a179b501432'),(4,'Admin','Admin 1',15,'admin','715a4b2d636c89bdb19984a522d9e050'),(5,'Member 4','Hans',13,'juffi','61ee05df02ec3c4910bbd21c0ad92f28'),(6,'Member 5','Maria',13,'juffi','eb9c618431ffd099703ad9a4600130c9'),(7,'Member 6','Maja',13,'juffi','65c44b28a3643be71b7bc51d22f31211'),(8,'Member 7','Dieter',NULL,'pfadi','892ca14a1e05bdd554bf43c1bf99ca50'),(9,'Member 8','Karl',NULL,'pfadi','0ec32cfec8c84003f416c7be3e3659ae'),(10,'Member 9','Gustav',NULL,'pfadi','990e665ac7f078125b6ad82becccce11'),(11,'Member 10','Franz',NULL,'rover','122ca28f6a242d3613917c563801f885'),(12,'Member 11','Fred',NULL,'rover','50bb72bd1da1c71b7a223ad513742acb'),(13,'Member 12','Albert',NULL,'rover','473082d890a974c5293acc6dd69d9791'),(14,'Tenbensel','Michael',1,'woe','14030431519');
/*!40000 ALTER TABLE `member` ENABLE KEYS */;
UNLOCK TABLES;

--
-- Table structure for table `message`
--

DROP TABLE IF EXISTS `message`;
/*!40101 SET @saved_cs_client     = @@character_set_client */;
/*!40101 SET character_set_client = utf8 */;
CREATE TABLE `message` (
  `id` int(11) NOT NULL AUTO_INCREMENT,
  `team_id` int(11) DEFAULT NULL,
  `game_id` int(11) DEFAULT NULL,
  `message_text` text,
  `send_time` datetime DEFAULT NULL,
  `read_time` datetime DEFAULT NULL,
  PRIMARY KEY (`id`),
  KEY `fk_message_team1_idx` (`team_id`),
  KEY `fk_message_game1_idx` (`game_id`),
  CONSTRAINT `fk_message_game1` FOREIGN KEY (`game_id`) REFERENCES `game` (`id`) ON DELETE NO ACTION ON UPDATE NO ACTION,
  CONSTRAINT `fk_message_team1` FOREIGN KEY (`team_id`) REFERENCES `team` (`id`) ON DELETE NO ACTION ON UPDATE NO ACTION
) ENGINE=InnoDB DEFAULT CHARSET=utf8;
/*!40101 SET character_set_client = @saved_cs_client */;

--
-- Dumping data for table `message`
--

LOCK TABLES `message` WRITE;
/*!40000 ALTER TABLE `message` DISABLE KEYS */;
/*!40000 ALTER TABLE `message` ENABLE KEYS */;
UNLOCK TABLES;

--
-- Table structure for table `team`
--

DROP TABLE IF EXISTS `team`;
/*!40101 SET @saved_cs_client     = @@character_set_client */;
/*!40101 SET character_set_client = utf8 */;
CREATE TABLE `team` (
  `id` int(11) NOT NULL AUTO_INCREMENT,
  `passcode` varchar(45) DEFAULT NULL,
  `parent_team` varchar(45) DEFAULT NULL,
  `current_level` int(11) DEFAULT NULL,
  `status` int(11) DEFAULT NULL,
  `grade` varchar(15) DEFAULT NULL,
  PRIMARY KEY (`id`),
  KEY `fk_team_level1_idx` (`current_level`),
  CONSTRAINT `fk_team_level1` FOREIGN KEY (`current_level`) REFERENCES `level` (`id`) ON DELETE NO ACTION ON UPDATE NO ACTION
) ENGINE=InnoDB AUTO_INCREMENT=18 DEFAULT CHARSET=utf8;
/*!40101 SET character_set_client = @saved_cs_client */;

--
-- Dumping data for table `team`
--

LOCK TABLES `team` WRITE;
/*!40000 ALTER TABLE `team` DISABLE KEYS */;
INSERT INTO `team` VALUES (1,'a95c530a7af5f492a74499e70578d150','a95c530a7af5f492a74499e70578d150',1,2,NULL),(2,'1a1ce120f74c03216b2bcb575cc7b592','1a1ce120f74c03216b2bcb575cc7b592',NULL,1,NULL),(6,'9080c8e0106d3cf3c5f9c0337a6fcb2d','9080c8e0106d3cf3c5f9c0337a6fcb2d',NULL,1,NULL),(13,'07f942ee7d5e4f8a341236a199781eec','07f942ee7d5e4f8a341236a199781eec',1,2,NULL),(14,'2','2',NULL,1,NULL),(15,'1756ad92205d30550ace821ac1e90d9e','1756ad92205d30550ace821ac1e90d9e',NULL,4,NULL),(16,'848ab7852d793ae2c009304f58c46885','848ab7852d793ae2c009304f58c46885',1,5,NULL),(17,'1a1ce120f74c03216b2bcb575cc7b592','1a1ce120f74c03216b2bcb575cc7b592',1,2,NULL);
/*!40000 ALTER TABLE `team` ENABLE KEYS */;
UNLOCK TABLES;

--
-- Table structure for table `team_level`
--

DROP TABLE IF EXISTS `team_level`;
/*!40101 SET @saved_cs_client     = @@character_set_client */;
/*!40101 SET character_set_client = utf8 */;
CREATE TABLE `team_level` (
  `id` int(11) NOT NULL AUTO_INCREMENT,
  `start_time` int(11) DEFAULT NULL,
  `finish_time` int(11) DEFAULT NULL,
  `team_id` int(11) DEFAULT NULL,
  `level_id` int(11) DEFAULT NULL,
  PRIMARY KEY (`id`),
  KEY `fk_team_level_team_idx` (`team_id`),
  KEY `fk_team_level_level1_idx` (`level_id`),
  CONSTRAINT `fk_team_level_level1` FOREIGN KEY (`level_id`) REFERENCES `level` (`id`) ON DELETE NO ACTION ON UPDATE NO ACTION,
  CONSTRAINT `fk_team_level_team` FOREIGN KEY (`team_id`) REFERENCES `team` (`id`) ON DELETE NO ACTION ON UPDATE NO ACTION
) ENGINE=InnoDB AUTO_INCREMENT=7 DEFAULT CHARSET=utf8;
/*!40101 SET character_set_client = @saved_cs_client */;

--
-- Dumping data for table `team_level`
--

LOCK TABLES `team_level` WRITE;
/*!40000 ALTER TABLE `team_level` DISABLE KEYS */;
INSERT INTO `team_level` VALUES (3,1485301805,NULL,1,1),(4,1486165962,NULL,16,1),(5,1487624772,NULL,17,1),(6,1487625466,NULL,13,1);
/*!40000 ALTER TABLE `team_level` ENABLE KEYS */;
UNLOCK TABLES;

--
-- Table structure for table `team_level_game`
--

DROP TABLE IF EXISTS `team_level_game`;
/*!40101 SET @saved_cs_client     = @@character_set_client */;
/*!40101 SET character_set_client = utf8 */;
CREATE TABLE `team_level_game` (
  `id` int(11) NOT NULL AUTO_INCREMENT,
  `team_level_id` int(11) DEFAULT NULL,
  `assigned_game_subject` int(11) DEFAULT NULL,
  `played_points` varchar(45) DEFAULT NULL,
  `start_time` int(11) DEFAULT NULL,
  `finish_time` int(11) DEFAULT NULL,
  `used_joker` int(11) DEFAULT NULL,
  `assigned_game` int(11) DEFAULT NULL,
  `solved_by_leveljump` tinyint(4) DEFAULT NULL,
  PRIMARY KEY (`id`),
  UNIQUE KEY `UNIQ_74D7B858722A863B` (`used_joker`),
  KEY `fk_team_level_game_team_level1_idx` (`team_level_id`),
  KEY `fk_team_level_game_game_subject1_idx` (`assigned_game_subject`),
  KEY `fk_team_level_game_joker1_idx` (`used_joker`),
  KEY `fk_team_level_game_game1_idx` (`assigned_game`),
  CONSTRAINT `fk_team_level_game_game1` FOREIGN KEY (`assigned_game`) REFERENCES `game` (`id`) ON DELETE NO ACTION ON UPDATE NO ACTION,
  CONSTRAINT `fk_team_level_game_game_subject1` FOREIGN KEY (`assigned_game_subject`) REFERENCES `game_subject` (`id`) ON DELETE NO ACTION ON UPDATE NO ACTION,
  CONSTRAINT `fk_team_level_game_joker1` FOREIGN KEY (`used_joker`) REFERENCES `joker` (`id`) ON DELETE NO ACTION ON UPDATE NO ACTION,
  CONSTRAINT `fk_team_level_game_team_level1` FOREIGN KEY (`team_level_id`) REFERENCES `team_level` (`id`) ON DELETE NO ACTION ON UPDATE NO ACTION
) ENGINE=InnoDB AUTO_INCREMENT=17 DEFAULT CHARSET=utf8;
/*!40101 SET character_set_client = @saved_cs_client */;

--
-- Dumping data for table `team_level_game`
--

LOCK TABLES `team_level_game` WRITE;
/*!40000 ALTER TABLE `team_level_game` DISABLE KEYS */;
INSERT INTO `team_level_game` VALUES (1,3,17,NULL,1493761677,NULL,NULL,130,NULL),(2,3,16,NULL,1493761677,NULL,NULL,130,NULL),(3,3,13,NULL,1493761677,1493761677,NULL,130,NULL),(4,3,6,NULL,NULL,NULL,NULL,131,NULL),(5,4,16,NULL,NULL,NULL,NULL,131,NULL),(6,4,18,NULL,NULL,NULL,NULL,131,NULL),(7,4,9,NULL,NULL,NULL,NULL,NULL,NULL),(8,4,7,NULL,NULL,NULL,NULL,NULL,NULL),(9,5,14,NULL,NULL,NULL,NULL,NULL,NULL),(10,5,1,NULL,NULL,NULL,NULL,NULL,NULL),(11,5,18,NULL,NULL,NULL,NULL,NULL,NULL),(12,5,6,NULL,NULL,NULL,NULL,NULL,NULL),(13,6,15,NULL,NULL,NULL,NULL,NULL,NULL),(14,6,4,NULL,NULL,NULL,NULL,NULL,NULL),(15,6,2,NULL,NULL,NULL,NULL,NULL,NULL),(16,6,1,NULL,NULL,NULL,NULL,NULL,NULL);
/*!40000 ALTER TABLE `team_level_game` ENABLE KEYS */;
UNLOCK TABLES;

--
-- Table structure for table `terminal`
--

DROP TABLE IF EXISTS `terminal`;
/*!40101 SET @saved_cs_client     = @@character_set_client */;
/*!40101 SET character_set_client = utf8 */;
CREATE TABLE `terminal` (
  `id` int(11) NOT NULL AUTO_INCREMENT COMMENT '			',
  `name` varchar(45) DEFAULT NULL,
  PRIMARY KEY (`id`)
) ENGINE=InnoDB DEFAULT CHARSET=utf8;
/*!40101 SET character_set_client = @saved_cs_client */;

--
-- Dumping data for table `terminal`
--

LOCK TABLES `terminal` WRITE;
/*!40000 ALTER TABLE `terminal` DISABLE KEYS */;
/*!40000 ALTER TABLE `terminal` ENABLE KEYS */;
UNLOCK TABLES;
/*!40103 SET TIME_ZONE=@OLD_TIME_ZONE */;

/*!40101 SET SQL_MODE=@OLD_SQL_MODE */;
/*!40014 SET FOREIGN_KEY_CHECKS=@OLD_FOREIGN_KEY_CHECKS */;
/*!40014 SET UNIQUE_CHECKS=@OLD_UNIQUE_CHECKS */;
/*!40101 SET CHARACTER_SET_CLIENT=@OLD_CHARACTER_SET_CLIENT */;
/*!40101 SET CHARACTER_SET_RESULTS=@OLD_CHARACTER_SET_RESULTS */;
/*!40101 SET COLLATION_CONNECTION=@OLD_COLLATION_CONNECTION */;
/*!40111 SET SQL_NOTES=@OLD_SQL_NOTES */;

-- Dump completed on 2017-05-06 20:11:16
